cfg_id,ED_PATH,HEL_WORK,BONUS_PCT,DON_STYLE,MOM_GIFT_USE,FX_SCENARIO,RISK_BAND,prob_shortfall_year1,prob_shortfall_year5,prob_shortfall_10yr,cashflow_volatility_10yr,var_95_year1,var_95_10yr_avg,min_cushion_p10,min_cushion_median,prob_insolvency_10yr,expected_shortfall
CFG_A,McGill,Part‑time,0.0,0,0,Base,1,0.07,0.0,0.071,0.6666322698583179,-4994.616319365251,-2129.583571297659,-22331.930938569752,-6215.060379996263,0.0,-5204.950448921989
CFG_B,McGill,Part‑time,0.0,0,0,Base,2,0.07,0.0,0.071,0.6666322698583179,-4994.616319365251,-2129.583571297659,-22331.930938569752,-6215.060379996263,0.0,-5204.950448921989
CFG_C,McGill,Part‑time,0.0,0,0,Base,3,0.07,0.0,0.071,0.6666322698583179,-4994.616319365251,-2129.583571297659,-22331.930938569752,-6215.060379996263,0.0,-5204.950448921989
CFG_D,McGill,Part‑time,0.0,0,0,Stress,1,0.07,0.0,0.071,0.6666322698583179,-4994.616319365251,-2129.583571297659,-22331.930938569752,-6215.060379996263,0.0,-5204.950448921989
CFG_E,McGill,Part‑time,0.0,0,0,Stress,2,0.07,0.0,0.071,0.6666322698583179,-4994.616319365251,-2129.583571297659,-22331.930938569752,-6215.060379996263,0.0,-5204.950448921989
CFG_F,McGill,Part‑time,0.0,0,0,Stress,3,0.07,0.0,0.071,0.6666322698583179,-4994.616319365251,-2129.583571297659,-22331.930938569752,-6215.060379996263,0.0,-5204.950448921989
CFG_G,McGill,Part‑time,0.0,0,1,Base,1,0.07,0.0,0.071,0.6666322698583179,-4994.616319365251,-2129.583571297659,-22331.930938569752,-6215.060379996263,0.0,-5204.950448921989
CFG_H,McGill,Part‑time,0.0,0,1,Base,2,0.07,0.0,0.071,0.6666322698583179,-4994.616319365251,-2129.583571297659,-22331.930938569752,-6215.060379996263,0.0,-5204.950448921989
CFG_I,McGill,Part‑time,0.0,0,1,Base,3,0.07,0.0,0.071,0.6666322698583179,-4994.616319365251,-2129.583571297659,-22331.930938569752,-6215.060379996263,0.0,-5204.950448921989
CFG_J,McGill,Part‑time,0.0,0,1,Stress,1,0.07,0.0,0.071,0.6666322698583179,-4994.616319365251,-2129.583571297659,-22331.930938569752,-6215.060379996263,0.0,-5204.950448921989
CFG_K,McGill,Part‑time,0.0,0,1,Stress,2,0.07,0.0,0.071,0.6666322698583179,-4994.616319365251,-2129.583571297659,-22331.930938569752,-6215.060379996263,0.0,-5204.950448921989
CFG_L,McGill,Part‑time,0.0,0,1,Stress,3,0.07,0.0,0.071,0.6666322698583179,-4994.616319365251,-2129.583571297659,-22331.930938569752,-6215.060379996263,0.0,-5204.950448921989
CFG_M,McGill,Part‑time,0.0,1,0,Base,1,0.0,0.0,0.006999999999999999,0.4157770604651076,20005.38368063475,22870.416428702338,-219134.8113364827,-187611.3732024571,0.0,-229439.51385890038
CFG_N,McGill,Part‑time,0.0,1,0,Base,2,0.0,0.0,0.006999999999999999,0.4157770604651076,20005.38368063475,22870.416428702338,-219134.8113364827,-187611.3732024571,0.0,-229439.51385890038
CFG_O,McGill,Part‑time,0.0,1,0,Base,3,0.0,0.0,0.006999999999999999,0.4157770604651076,20005.38368063475,22870.416428702338,-219134.8113364827,-187611.3732024571,0.0,-229439.51385890038
CFG_P,McGill,Part‑time,0.0,1,0,Stress,1,0.0,0.0,0.006999999999999999,0.4157770604651076,20005.38368063475,22870.416428702338,-219134.8113364827,-187611.3732024571,0.0,-229439.51385890038
CFG_Q,McGill,Part‑time,0.0,1,0,Stress,2,0.0,0.0,0.006999999999999999,0.4157770604651076,20005.38368063475,22870.416428702338,-219134.8113364827,-187611.3732024571,0.0,-229439.51385890038
CFG_R,McGill,Part‑time,0.0,1,0,Stress,3,0.0,0.0,0.006999999999999999,0.4157770604651076,20005.38368063475,22870.416428702338,-219134.8113364827,-187611.3732024571,0.0,-229439.51385890038
CFG_S,McGill,Part‑time,0.0,1,1,Base,1,0.0,0.0,0.006999999999999999,0.4157770604651076,20005.38368063475,22870.416428702338,-219134.8113364827,-187611.3732024571,0.0,-229439.51385890038
CFG_T,McGill,Part‑time,0.0,1,1,Base,2,0.0,0.0,0.006999999999999999,0.4157770604651076,20005.38368063475,22870.416428702338,-219134.8113364827,-187611.3732024571,0.0,-229439.51385890038
CFG_U,McGill,Part‑time,0.0,1,1,Base,3,0.0,0.0,0.006999999999999999,0.4157770604651076,20005.38368063475,22870.416428702338,-219134.8113364827,-187611.3732024571,0.0,-229439.51385890038
CFG_V,McGill,Part‑time,0.0,1,1,Stress,1,0.0,0.0,0.006999999999999999,0.4157770604651076,20005.38368063475,22870.416428702338,-219134.8113364827,-187611.3732024571,0.0,-229439.51385890038
CFG_W,McGill,Part‑time,0.0,1,1,Stress,2,0.0,0.0,0.006999999999999999,0.4157770604651076,20005.38368063475,22870.416428702338,-219134.8113364827,-187611.3732024571,0.0,-229439.51385890038
CFG_X,McGill,Part‑time,0.0,1,1,Stress,3,0.0,0.0,0.006999999999999999,0.4157770604651076,20005.38368063475,22870.416428702338,-219134.8113364827,-187611.3732024571,0.0,-229439.51385890038
CFG_Y,McGill,Part‑time,0.0,2,0,Base,1,1.0,0.0,0.10700000000000001,0.3931300825854068,-229994.61631936525,-2129.583571297657,-215667.98774956987,-174764.37487138069,0.0,-229994.61631936525
CFG_Z,McGill,Part‑time,0.0,2,0,Base,2,1.0,0.0,0.10700000000000001,0.3931300825854068,-229994.61631936525,-2129.583571297657,-215667.98774956987,-174764.37487138069,0.0,-229994.61631936525
CFG_AA,McGill,Part‑time,0.0,2,0,Base,3,1.0,0.0,0.10700000000000001,0.3931300825854068,-229994.61631936525,-2129.583571297657,-215667.98774956987,-174764.37487138069,0.0,-229994.61631936525
CFG_AB,McGill,Part‑time,0.0,2,0,Stress,1,1.0,0.0,0.10700000000000001,0.3931300825854068,-229994.61631936525,-2129.583571297657,-215667.98774956987,-174764.37487138069,0.0,-229994.61631936525
CFG_AC,McGill,Part‑time,0.0,2,0,Stress,2,1.0,0.0,0.10700000000000001,0.3931300825854068,-229994.61631936525,-2129.583571297657,-215667.98774956987,-174764.37487138069,0.0,-229994.61631936525
CFG_AD,McGill,Part‑time,0.0,2,0,Stress,3,1.0,0.0,0.10700000000000001,0.3931300825854068,-229994.61631936525,-2129.583571297657,-215667.98774956987,-174764.37487138069,0.0,-229994.61631936525
CFG_AK,McGill,Part‑time,0.1,0,0,Base,1,0.0,0.0,0.027000000000000003,0.5217221619625164,6326.76309245463,9993.928857193288,-11123.852287356109,5150.731302007021,0.0,-982.2012083165363
CFG_AL,McGill,Part‑time,0.1,0,0,Base,2,0.0,0.0,0.027000000000000003,0.5217221619625164,6326.76309245463,9993.928857193288,-11123.852287356109,5150.731302007021,0.0,-982.2012083165363
CFG_AM,McGill,Part‑time,0.1,0,0,Base,3,0.0,0.0,0.027000000000000003,0.5217221619625164,6326.76309245463,9993.928857193288,-11123.852287356109,5150.731302007021,0.0,-982.2012083165363
CFG_AN,McGill,Part‑time,0.1,0,0,Stress,1,0.0,0.0,0.027000000000000003,0.5217221619625164,6326.76309245463,9993.928857193288,-11123.852287356109,5150.731302007021,0.0,-982.2012083165363
CFG_AO,McGill,Part‑time,0.1,0,0,Stress,2,0.0,0.0,0.027000000000000003,0.5217221619625164,6326.76309245463,9993.928857193288,-11123.852287356109,5150.731302007021,0.0,-982.2012083165363
CFG_AP,McGill,Part‑time,0.1,0,0,Stress,3,0.0,0.0,0.027000000000000003,0.5217221619625164,6326.76309245463,9993.928857193288,-11123.852287356109,5150.731302007021,0.0,-982.2012083165363
CFG_AQ,McGill,Part‑time,0.1,0,1,Base,1,0.0,0.0,0.027000000000000003,0.5217221619625164,6326.76309245463,9993.928857193288,-11123.852287356109,5150.731302007021,0.0,-982.2012083165363
CFG_AR,McGill,Part‑time,0.1,0,1,Base,2,0.0,0.0,0.027000000000000003,0.5217221619625164,6326.76309245463,9993.928857193288,-11123.852287356109,5150.731302007021,0.0,-982.2012083165363
CFG_AS,McGill,Part‑time,0.1,0,1,Base,3,0.0,0.0,0.027000000000000003,0.5217221619625164,6326.76309245463,9993.928857193288,-11123.852287356109,5150.731302007021,0.0,-982.2012083165363
CFG_AT,McGill,Part‑time,0.1,0,1,Stress,1,0.0,0.0,0.027000000000000003,0.5217221619625164,6326.76309245463,9993.928857193288,-11123.852287356109,5150.731302007021,0.0,-982.2012083165363
CFG_AU,McGill,Part‑time,0.1,0,1,Stress,2,0.0,0.0,0.027000000000000003,0.5217221619625164,6326.76309245463,9993.928857193288,-11123.852287356109,5150.731302007021,0.0,-982.2012083165363
CFG_AV,McGill,Part‑time,0.1,0,1,Stress,3,0.0,0.0,0.027000000000000003,0.5217221619625164,6326.76309245463,9993.928857193288,-11123.852287356109,5150.731302007021,0.0,-982.2012083165363
CFG_AW,McGill,Part‑time,0.1,1,0,Base,1,0.0,0.0,0.002,0.3614882610778397,31326.76309245463,34993.928857193285,-206527.29460088632,-173098.92559269335,0.0,-217257.95531551595
CFG_AX,McGill,Part‑time,0.1,1,0,Base,2,0.0,0.0,0.002,0.3614882610778397,31326.76309245463,34993.928857193285,-206527.29460088632,-173098.92559269335,0.0,-217257.95531551595
CFG_AY,McGill,Part‑time,0.1,1,0,Base,3,0.0,0.0,0.002,0.3614882610778397,31326.76309245463,34993.928857193285,-206527.29460088632,-173098.92559269335,0.0,-217257.95531551595
CFG_AZ,McGill,Part‑time,0.1,1,0,Stress,1,0.0,0.0,0.002,0.3614882610778397,31326.76309245463,34993.928857193285,-206527.29460088632,-173098.92559269335,0.0,-217257.95531551595
CFG_BA,McGill,Part‑time,0.1,1,0,Stress,2,0.0,0.0,0.002,0.3614882610778397,31326.76309245463,34993.928857193285,-206527.29460088632,-173098.92559269335,0.0,-217257.95531551595
CFG_BB,McGill,Part‑time,0.1,1,0,Stress,3,0.0,0.0,0.002,0.3614882610778397,31326.76309245463,34993.928857193285,-206527.29460088632,-173098.92559269335,0.0,-217257.95531551595
CFG_BC,McGill,Part‑time,0.1,1,1,Base,1,0.0,0.0,0.002,0.3614882610778397,31326.76309245463,34993.928857193285,-206527.29460088632,-173098.92559269335,0.0,-217257.95531551595
CFG_BD,McGill,Part‑time,0.1,1,1,Base,2,0.0,0.0,0.002,0.3614882610778397,31326.76309245463,34993.928857193285,-206527.29460088632,-173098.92559269335,0.0,-217257.95531551595
CFG_BE,McGill,Part‑time,0.1,1,1,Base,3,0.0,0.0,0.002,0.3614882610778397,31326.76309245463,34993.928857193285,-206527.29460088632,-173098.92559269335,0.0,-217257.95531551595
CFG_BF,McGill,Part‑time,0.1,1,1,Stress,1,0.0,0.0,0.002,0.3614882610778397,31326.76309245463,34993.928857193285,-206527.29460088632,-173098.92559269335,0.0,-217257.95531551595
CFG_BG,McGill,Part‑time,0.1,1,1,Stress,2,0.0,0.0,0.002,0.3614882610778397,31326.76309245463,34993.928857193285,-206527.29460088632,-173098.92559269335,0.0,-217257.95531551595
CFG_BH,McGill,Part‑time,0.1,1,1,Stress,3,0.0,0.0,0.002,0.3614882610778397,31326.76309245463,34993.928857193285,-206527.29460088632,-173098.92559269335,0.0,-217257.95531551595
CFG_BI,McGill,Part‑time,0.1,2,0,Base,1,1.0,0.0,0.10200000000000001,0.3458149594494813,-218673.23690754536,9993.92885719329,-203424.5228598235,-160117.8229807149,0.0,-218673.23690754536
CFG_BJ,McGill,Part‑time,0.1,2,0,Base,2,1.0,0.0,0.10200000000000001,0.3458149594494813,-218673.23690754536,9993.92885719329,-203424.5228598235,-160117.8229807149,0.0,-218673.23690754536
CFG_BK,McGill,Part‑time,0.1,2,0,Base,3,1.0,0.0,0.10200000000000001,0.3458149594494813,-218673.23690754536,9993.92885719329,-203424.5228598235,-160117.8229807149,0.0,-218673.23690754536
CFG_BL,McGill,Part‑time,0.1,2,0,Stress,1,1.0,0.0,0.10200000000000001,0.3458149594494813,-218673.23690754536,9993.92885719329,-203424.5228598235,-160117.8229807149,0.0,-218673.23690754536
CFG_BM,McGill,Part‑time,0.1,2,0,Stress,2,1.0,0.0,0.10200000000000001,0.3458149594494813,-218673.23690754536,9993.92885719329,-203424.5228598235,-160117.8229807149,0.0,-218673.23690754536
CFG_BN,McGill,Part‑time,0.1,2,0,Stress,3,1.0,0.0,0.10200000000000001,0.3458149594494813,-218673.23690754536,9993.92885719329,-203424.5228598235,-160117.8229807149,0.0,-218673.23690754536
CFG_BU,McGill,Part‑time,0.2,0,0,Base,1,0.0,0.0,0.01,0.43751355824263216,17815.603005366058,22102.21888061508,-171.05783779431147,17225.575175985192,0.0,0.0
CFG_BV,McGill,Part‑time,0.2,0,0,Base,2,0.0,0.0,0.01,0.43751355824263216,17815.603005366058,22102.21888061508,-171.05783779431147,17225.575175985192,0.0,0.0
CFG_BW,McGill,Part‑time,0.2,0,0,Base,3,0.0,0.0,0.01,0.43751355824263216,17815.603005366058,22102.21888061508,-171.05783779431147,17225.575175985192,0.0,0.0
CFG_BX,McGill,Part‑time,0.2,0,0,Stress,1,0.0,0.0,0.01,0.43751355824263216,17815.603005366058,22102.21888061508,-171.05783779431147,17225.575175985192,0.0,0.0
CFG_BY,McGill,Part‑time,0.2,0,0,Stress,2,0.0,0.0,0.01,0.43751355824263216,17815.603005366058,22102.21888061508,-171.05783779431147,17225.575175985192,0.0,0.0
CFG_BZ,McGill,Part‑time,0.2,0,0,Stress,3,0.0,0.0,0.01,0.43751355824263216,17815.603005366058,22102.21888061508,-171.05783779431147,17225.575175985192,0.0,0.0
CFG_CA,McGill,Part‑time,0.2,0,1,Base,1,0.0,0.0,0.01,0.43751355824263216,17815.603005366058,22102.21888061508,-171.05783779431147,17225.575175985192,0.0,0.0
CFG_CB,McGill,Part‑time,0.2,0,1,Base,2,0.0,0.0,0.01,0.43751355824263216,17815.603005366058,22102.21888061508,-171.05783779431147,17225.575175985192,0.0,0.0
CFG_CC,McGill,Part‑time,0.2,0,1,Base,3,0.0,0.0,0.01,0.43751355824263216,17815.603005366058,22102.21888061508,-171.05783779431147,17225.575175985192,0.0,0.0
CFG_CD,McGill,Part‑time,0.2,0,1,Stress,1,0.0,0.0,0.01,0.43751355824263216,17815.603005366058,22102.21888061508,-171.05783779431147,17225.575175985192,0.0,0.0
CFG_CE,McGill,Part‑time,0.2,0,1,Stress,2,0.0,0.0,0.01,0.43751355824263216,17815.603005366058,22102.21888061508,-171.05783779431147,17225.575175985192,0.0,0.0
CFG_CF,McGill,Part‑time,0.2,0,1,Stress,3,0.0,0.0,0.01,0.43751355824263216,17815.603005366058,22102.21888061508,-171.05783779431147,17225.575175985192,0.0,0.0
CFG_CG,McGill,Part‑time,0.2,1,0,Base,1,0.0,0.0,0.001,0.3238921963471054,42815.60300536606,47102.21888061508,-193919.77786528997,-158734.36031519712,0.0,-205076.3967721315
CFG_CH,McGill,Part‑time,0.2,1,0,Base,2,0.0,0.0,0.001,0.3238921963471054,42815.60300536606,47102.21888061508,-193919.77786528997,-158734.36031519712,0.0,-205076.3967721315
CFG_CI,McGill,Part‑time,0.2,1,0,Base,3,0.0,0.0,0.001,0.3238921963471054,42815.60300536606,47102.21888061508,-193919.77786528997,-158734.36031519712,0.0,-205076.3967721315
CFG_CJ,McGill,Part‑time,0.2,1,0,Stress,1,0.0,0.0,0.001,0.3238921963471054,42815.60300536606,47102.21888061508,-193919.77786528997,-158734.36031519712,0.0,-205076.3967721315
CFG_CK,McGill,Part‑time,0.2,1,0,Stress,2,0.0,0.0,0.001,0.3238921963471054,42815.60300536606,47102.21888061508,-193919.77786528997,-158734.36031519712,0.0,-205076.3967721315
CFG_CL,McGill,Part‑time,0.2,1,0,Stress,3,0.0,0.0,0.001,0.3238921963471054,42815.60300536606,47102.21888061508,-193919.77786528997,-158734.36031519712,0.0,-205076.3967721315
CFG_CM,McGill,Part‑time,0.2,1,1,Base,1,0.0,0.0,0.001,0.3238921963471054,42815.60300536606,47102.21888061508,-193919.77786528997,-158734.36031519712,0.0,-205076.3967721315
CFG_CN,McGill,Part‑time,0.2,1,1,Base,2,0.0,0.0,0.001,0.3238921963471054,42815.60300536606,47102.21888061508,-193919.77786528997,-158734.36031519712,0.0,-205076.3967721315
CFG_CO,McGill,Part‑time,0.2,1,1,Base,3,0.0,0.0,0.001,0.3238921963471054,42815.60300536606,47102.21888061508,-193919.77786528997,-158734.36031519712,0.0,-205076.3967721315
CFG_CP,McGill,Part‑time,0.2,1,1,Stress,1,0.0,0.0,0.001,0.3238921963471054,42815.60300536606,47102.21888061508,-193919.77786528997,-158734.36031519712,0.0,-205076.3967721315
CFG_CQ,McGill,Part‑time,0.2,1,1,Stress,2,0.0,0.0,0.001,0.3238921963471054,42815.60300536606,47102.21888061508,-193919.77786528997,-158734.36031519712,0.0,-205076.3967721315
CFG_CR,McGill,Part‑time,0.2,1,1,Stress,3,0.0,0.0,0.001,0.3238921963471054,42815.60300536606,47102.21888061508,-193919.77786528997,-158734.36031519712,0.0,-205076.3967721315
CFG_CS,McGill,Part‑time,0.2,2,0,Base,1,1.0,0.0,0.101,0.3144159605125395,-207184.39699463395,22102.21888061508,-191181.05797007718,-145482.32739227163,0.0,-207184.39699463395
CFG_CT,McGill,Part‑time,0.2,2,0,Base,2,1.0,0.0,0.101,0.3144159605125395,-207184.39699463395,22102.21888061508,-191181.05797007718,-145482.32739227163,0.0,-207184.39699463395
CFG_CU,McGill,Part‑time,0.2,2,0,Base,3,1.0,0.0,0.101,0.3144159605125395,-207184.39699463395,22102.21888061508,-191181.05797007718,-145482.32739227163,0.0,-207184.39699463395
CFG_CV,McGill,Part‑time,0.2,2,0,Stress,1,1.0,0.0,0.101,0.3144159605125395,-207184.39699463395,22102.21888061508,-191181.05797007718,-145482.32739227163,0.0,-207184.39699463395
CFG_CW,McGill,Part‑time,0.2,2,0,Stress,2,1.0,0.0,0.101,0.3144159605125395,-207184.39699463395,22102.21888061508,-191181.05797007718,-145482.32739227163,0.0,-207184.39699463395
CFG_CX,McGill,Part‑time,0.2,2,0,Stress,3,1.0,0.0,0.101,0.3144159605125395,-207184.39699463395,22102.21888061508,-191181.05797007718,-145482.32739227163,0.0,-207184.39699463395
CFG_DE,McGill,Part‑time,0.3,0,0,Base,1,0.0,0.0,0.003,0.38235626424816005,29304.44291827754,34209.75244598449,9790.561356430084,28948.38214106936,0.0,0.0
CFG_DF,McGill,Part‑time,0.3,0,0,Base,2,0.0,0.0,0.003,0.38235626424816005,29304.44291827754,34209.75244598449,9790.561356430084,28948.38214106936,0.0,0.0
CFG_DG,McGill,Part‑time,0.3,0,0,Base,3,0.0,0.0,0.003,0.38235626424816005,29304.44291827754,34209.75244598449,9790.561356430084,28948.38214106936,0.0,0.0
CFG_DH,McGill,Part‑time,0.3,0,0,Stress,1,0.0,0.0,0.003,0.38235626424816005,29304.44291827754,34209.75244598449,9790.561356430084,28948.38214106936,0.0,0.0
CFG_DI,McGill,Part‑time,0.3,0,0,Stress,2,0.0,0.0,0.003,0.38235626424816005,29304.44291827754,34209.75244598449,9790.561356430084,28948.38214106936,0.0,0.0
CFG_DJ,McGill,Part‑time,0.3,0,0,Stress,3,0.0,0.0,0.003,0.38235626424816005,29304.44291827754,34209.75244598449,9790.561356430084,28948.38214106936,0.0,0.0
CFG_DK,McGill,Part‑time,0.3,0,1,Base,1,0.0,0.0,0.003,0.38235626424816005,29304.44291827754,34209.75244598449,9790.561356430084,28948.38214106936,0.0,0.0
CFG_DL,McGill,Part‑time,0.3,0,1,Base,2,0.0,0.0,0.003,0.38235626424816005,29304.44291827754,34209.75244598449,9790.561356430084,28948.38214106936,0.0,0.0
CFG_DM,McGill,Part‑time,0.3,0,1,Base,3,0.0,0.0,0.003,0.38235626424816005,29304.44291827754,34209.75244598449,9790.561356430084,28948.38214106936,0.0,0.0
CFG_DN,McGill,Part‑time,0.3,0,1,Stress,1,0.0,0.0,0.003,0.38235626424816005,29304.44291827754,34209.75244598449,9790.561356430084,28948.38214106936,0.0,0.0
CFG_DO,McGill,Part‑time,0.3,0,1,Stress,2,0.0,0.0,0.003,0.38235626424816005,29304.44291827754,34209.75244598449,9790.561356430084,28948.38214106936,0.0,0.0
CFG_DP,McGill,Part‑time,0.3,0,1,Stress,3,0.0,0.0,0.003,0.38235626424816005,29304.44291827754,34209.75244598449,9790.561356430084,28948.38214106936,0.0,0.0
CFG_DQ,McGill,Part‑time,0.3,1,0,Base,1,0.0,0.0,0.001,0.2963019769200563,54304.442918277535,59209.75244598449,-181312.2611296936,-144369.79503770082,0.0,-192894.83822874707
CFG_DR,McGill,Part‑time,0.3,1,0,Base,2,0.0,0.0,0.001,0.2963019769200563,54304.442918277535,59209.75244598449,-181312.2611296936,-144369.79503770082,0.0,-192894.83822874707
CFG_DS,McGill,Part‑time,0.3,1,0,Base,3,0.0,0.0,0.001,0.2963019769200563,54304.442918277535,59209.75244598449,-181312.2611296936,-144369.79503770082,0.0,-192894.83822874707
CFG_DT,McGill,Part‑time,0.3,1,0,Stress,1,0.0,0.0,0.001,0.2963019769200563,54304.442918277535,59209.75244598449,-181312.2611296936,-144369.79503770082,0.0,-192894.83822874707
CFG_DU,McGill,Part‑time,0.3,1,0,Stress,2,0.0,0.0,0.001,0.2963019769200563,54304.442918277535,59209.75244598449,-181312.2611296936,-144369.79503770082,0.0,-192894.83822874707
CFG_DV,McGill,Part‑time,0.3,1,0,Stress,3,0.0,0.0,0.001,0.2963019769200563,54304.442918277535,59209.75244598449,-181312.2611296936,-144369.79503770082,0.0,-192894.83822874707
CFG_DW,McGill,Part‑time,0.3,1,1,Base,1,0.0,0.0,0.001,0.2963019769200563,54304.442918277535,59209.75244598449,-181312.2611296936,-144369.79503770082,0.0,-192894.83822874707
CFG_DX,McGill,Part‑time,0.3,1,1,Base,2,0.0,0.0,0.001,0.2963019769200563,54304.442918277535,59209.75244598449,-181312.2611296936,-144369.79503770082,0.0,-192894.83822874707
CFG_DY,McGill,Part‑time,0.3,1,1,Base,3,0.0,0.0,0.001,0.2963019769200563,54304.442918277535,59209.75244598449,-181312.2611296936,-144369.79503770082,0.0,-192894.83822874707
CFG_DZ,McGill,Part‑time,0.3,1,1,Stress,1,0.0,0.0,0.001,0.2963019769200563,54304.442918277535,59209.75244598449,-181312.2611296936,-144369.79503770082,0.0,-192894.83822874707
CFG_EA,McGill,Part‑time,0.3,1,1,Stress,2,0.0,0.0,0.001,0.2963019769200563,54304.442918277535,59209.75244598449,-181312.2611296936,-144369.79503770082,0.0,-192894.83822874707
CFG_EB,McGill,Part‑time,0.3,1,1,Stress,3,0.0,0.0,0.001,0.2963019769200563,54304.442918277535,59209.75244598449,-181312.2611296936,-144369.79503770082,0.0,-192894.83822874707
CFG_EC,McGill,Part‑time,0.3,2,0,Base,1,1.0,0.0,0.101,0.29288072482679517,-195695.55708172245,34209.7524459845,-178937.59308033081,-131063.12374159982,0.0,-195695.55708172245
CFG_ED,McGill,Part‑time,0.3,2,0,Base,2,1.0,0.0,0.101,0.29288072482679517,-195695.55708172245,34209.7524459845,-178937.59308033081,-131063.12374159982,0.0,-195695.55708172245
CFG_EE,McGill,Part‑time,0.3,2,0,Base,3,1.0,0.0,0.101,0.29288072482679517,-195695.55708172245,34209.7524459845,-178937.59308033081,-131063.12374159982,0.0,-195695.55708172245
CFG_EF,McGill,Part‑time,0.3,2,0,Stress,1,1.0,0.0,0.101,0.29288072482679517,-195695.55708172245,34209.7524459845,-178937.59308033081,-131063.12374159982,0.0,-195695.55708172245
CFG_EG,McGill,Part‑time,0.3,2,0,Stress,2,1.0,0.0,0.101,0.29288072482679517,-195695.55708172245,34209.7524459845,-178937.59308033081,-131063.12374159982,0.0,-195695.55708172245
CFG_EH,McGill,Part‑time,0.3,2,0,Stress,3,1.0,0.0,0.101,0.29288072482679517,-195695.55708172245,34209.7524459845,-178937.59308033081,-131063.12374159982,0.0,-195695.55708172245
CFG_EO,McGill,Full‑time,0.0,0,0,Base,1,0.0,0.0,0.001,0.3534168268603556,29925.188359636708,46419.41711092534,20576.94617448591,41795.75477427109,0.0,0.0
CFG_EP,McGill,Full‑time,0.0,0,0,Base,2,0.0,0.0,0.001,0.3534168268603556,29925.188359636708,46419.41711092534,20576.94617448591,41795.75477427109,0.0,0.0
CFG_EQ,McGill,Full‑time,0.0,0,0,Base,3,0.0,0.0,0.001,0.3534168268603556,29925.188359636708,46419.41711092534,20576.94617448591,41795.75477427109,0.0,0.0
CFG_ER,McGill,Full‑time,0.0,0,0,Stress,1,0.0,0.0,0.001,0.3534168268603556,29925.188359636708,46419.41711092534,20576.94617448591,41795.75477427109,0.0,0.0
CFG_ES,McGill,Full‑time,0.0,0,0,Stress,2,0.0,0.0,0.001,0.3534168268603556,29925.188359636708,46419.41711092534,20576.94617448591,41795.75477427109,0.0,0.0
CFG_ET,McGill,Full‑time,0.0,0,0,Stress,3,0.0,0.0,0.001,0.3534168268603556,29925.188359636708,46419.41711092534,20576.94617448591,41795.75477427109,0.0,0.0
CFG_EU,McGill,Full‑time,0.0,0,1,Base,1,0.0,0.0,0.001,0.3534168268603556,29925.188359636708,46419.41711092534,20576.94617448591,41795.75477427109,0.0,0.0
CFG_EV,McGill,Full‑time,0.0,0,1,Base,2,0.0,0.0,0.001,0.3534168268603556,29925.188359636708,46419.41711092534,20576.94617448591,41795.75477427109,0.0,0.0
CFG_EW,McGill,Full‑time,0.0,0,1,Base,3,0.0,0.0,0.001,0.3534168268603556,29925.188359636708,46419.41711092534,20576.94617448591,41795.75477427109,0.0,0.0
CFG_EX,McGill,Full‑time,0.0,0,1,Stress,1,0.0,0.0,0.001,0.3534168268603556,29925.188359636708,46419.41711092534,20576.94617448591,41795.75477427109,0.0,0.0
CFG_EY,McGill,Full‑time,0.0,0,1,Stress,2,0.0,0.0,0.001,0.3534168268603556,29925.188359636708,46419.41711092534,20576.94617448591,41795.75477427109,0.0,0.0
CFG_EZ,McGill,Full‑time,0.0,0,1,Stress,3,0.0,0.0,0.001,0.3534168268603556,29925.188359636708,46419.41711092534,20576.94617448591,41795.75477427109,0.0,0.0
CFG_FA,McGill,Full‑time,0.0,1,0,Base,1,0.0,0.0,0.0,0.2847388486233234,54925.188359636704,71419.41711092534,-156737.6350498718,-116191.36150651208,0.0,-169181.40426429204
CFG_FB,McGill,Full‑time,0.0,1,0,Base,2,0.0,0.0,0.0,0.2847388486233234,54925.188359636704,71419.41711092534,-156737.6350498718,-116191.36150651208,0.0,-169181.40426429204
CFG_FC,McGill,Full‑time,0.0,1,0,Base,3,0.0,0.0,0.0,0.2847388486233234,54925.188359636704,71419.41711092534,-156737.6350498718,-116191.36150651208,0.0,-169181.40426429204
CFG_FD,McGill,Full‑time,0.0,1,0,Stress,1,0.0,0.0,0.0,0.2847388486233234,54925.188359636704,71419.41711092534,-156737.6350498718,-116191.36150651208,0.0,-169181.40426429204
CFG_FE,McGill,Full‑time,0.0,1,0,Stress,2,0.0,0.0,0.0,0.2847388486233234,54925.188359636704,71419.41711092534,-156737.6350498718,-116191.36150651208,0.0,-169181.40426429204
CFG_FF,McGill,Full‑time,0.0,1,0,Stress,3,0.0,0.0,0.0,0.2847388486233234,54925.188359636704,71419.41711092534,-156737.6350498718,-116191.36150651208,0.0,-169181.40426429204
CFG_FG,McGill,Full‑time,0.0,1,1,Base,1,0.0,0.0,0.0,0.2847388486233234,54925.188359636704,71419.41711092534,-156737.6350498718,-116191.36150651208,0.0,-169181.40426429204
CFG_FH,McGill,Full‑time,0.0,1,1,Base,2,0.0,0.0,0.0,0.2847388486233234,54925.188359636704,71419.41711092534,-156737.6350498718,-116191.36150651208,0.0,-169181.40426429204
CFG_FI,McGill,Full‑time,0.0,1,1,Base,3,0.0,0.0,0.0,0.2847388486233234,54925.188359636704,71419.41711092534,-156737.6350498718,-116191.36150651208,0.0,-169181.40426429204
CFG_FJ,McGill,Full‑time,0.0,1,1,Stress,1,0.0,0.0,0.0,0.2847388486233234,54925.188359636704,71419.41711092534,-156737.6350498718,-116191.36150651208,0.0,-169181.40426429204
CFG_FK,McGill,Full‑time,0.0,1,1,Stress,2,0.0,0.0,0.0,0.2847388486233234,54925.188359636704,71419.41711092534,-156737.6350498718,-116191.36150651208,0.0,-169181.40426429204
CFG_FL,McGill,Full‑time,0.0,1,1,Stress,3,0.0,0.0,0.0,0.2847388486233234,54925.188359636704,71419.41711092534,-156737.6350498718,-116191.36150651208,0.0,-169181.40426429204
CFG_FM,McGill,Full‑time,0.0,2,0,Base,1,1.0,0.0,0.1,0.28433243269384334,-195074.81164036327,46419.417110925344,-178079.27642755045,-123190.05854184963,0.0,-195074.81164036327
CFG_FN,McGill,Full‑time,0.0,2,0,Base,2,1.0,0.0,0.1,0.28433243269384334,-195074.81164036327,46419.417110925344,-178079.27642755045,-123190.05854184963,0.0,-195074.81164036327
CFG_FO,McGill,Full‑time,0.0,2,0,Base,3,1.0,0.0,0.1,0.28433243269384334,-195074.81164036327,46419.417110925344,-178079.27642755045,-123190.05854184963,0.0,-195074.81164036327
CFG_FP,McGill,Full‑time,0.0,2,0,Stress,1,1.0,0.0,0.1,0.28433243269384334,-195074.81164036327,46419.417110925344,-178079.27642755045,-123190.05854184963,0.0,-195074.81164036327
CFG_FQ,McGill,Full‑time,0.0,2,0,Stress,2,1.0,0.0,0.1,0.28433243269384334,-195074.81164036327,46419.417110925344,-178079.27642755045,-123190.05854184963,0.0,-195074.81164036327
CFG_FR,McGill,Full‑time,0.0,2,0,Stress,3,1.0,0.0,0.1,0.28433243269384334,-195074.81164036327,46419.417110925344,-178079.27642755045,-123190.05854184963,0.0,-195074.81164036327
CFG_FY,McGill,Full‑time,0.1,0,0,Base,1,0.0,0.0,0.0,0.32380257705395515,41441.170048975255,58429.42567011266,31723.216980245306,53580.90695529741,0.0,0.0
CFG_FZ,McGill,Full‑time,0.1,0,0,Base,2,0.0,0.0,0.0,0.32380257705395515,41441.170048975255,58429.42567011266,31723.216980245306,53580.90695529741,0.0,0.0
CFG_GA,McGill,Full‑time,0.1,0,0,Base,3,0.0,0.0,0.0,0.32380257705395515,41441.170048975255,58429.42567011266,31723.216980245306,53580.90695529741,0.0,0.0
CFG_GB,McGill,Full‑time,0.1,0,0,Stress,1,0.0,0.0,0.0,0.32380257705395515,41441.170048975255,58429.42567011266,31723.216980245306,53580.90695529741,0.0,0.0
CFG_GC,McGill,Full‑time,0.1,0,0,Stress,2,0.0,0.0,0.0,0.32380257705395515,41441.170048975255,58429.42567011266,31723.216980245306,53580.90695529741,0.0,0.0
CFG_GD,McGill,Full‑time,0.1,0,0,Stress,3,0.0,0.0,0.0,0.32380257705395515,41441.170048975255,58429.42567011266,31723.216980245306,53580.90695529741,0.0,0.0
CFG_GE,McGill,Full‑time,0.1,0,1,Base,1,0.0,0.0,0.0,0.32380257705395515,41441.170048975255,58429.42567011266,31723.216980245306,53580.90695529741,0.0,0.0
CFG_GF,McGill,Full‑time,0.1,0,1,Base,2,0.0,0.0,0.0,0.32380257705395515,41441.170048975255,58429.42567011266,31723.216980245306,53580.90695529741,0.0,0.0
CFG_GG,McGill,Full‑time,0.1,0,1,Base,3,0.0,0.0,0.0,0.32380257705395515,41441.170048975255,58429.42567011266,31723.216980245306,53580.90695529741,0.0,0.0
CFG_GH,McGill,Full‑time,0.1,0,1,Stress,1,0.0,0.0,0.0,0.32380257705395515,41441.170048975255,58429.42567011266,31723.216980245306,53580.90695529741,0.0,0.0
CFG_GI,McGill,Full‑time,0.1,0,1,Stress,2,0.0,0.0,0.0,0.32380257705395515,41441.170048975255,58429.42567011266,31723.216980245306,53580.90695529741,0.0,0.0
CFG_GJ,McGill,Full‑time,0.1,0,1,Stress,3,0.0,0.0,0.0,0.32380257705395515,41441.170048975255,58429.42567011266,31723.216980245306,53580.90695529741,0.0,0.0
CFG_GK,McGill,Full‑time,0.1,1,0,Base,1,0.0,0.0,0.0,0.26737429142490843,66441.17004897525,83429.42567011266,-144062.26159545206,-101654.74747037179,0.0,-156999.84572090762
CFG_GL,McGill,Full‑time,0.1,1,0,Base,2,0.0,0.0,0.0,0.26737429142490843,66441.17004897525,83429.42567011266,-144062.26159545206,-101654.74747037179,0.0,-156999.84572090762
CFG_GM,McGill,Full‑time,0.1,1,0,Base,3,0.0,0.0,0.0,0.26737429142490843,66441.17004897525,83429.42567011266,-144062.26159545206,-101654.74747037179,0.0,-156999.84572090762
CFG_GN,McGill,Full‑time,0.1,1,0,Stress,1,0.0,0.0,0.0,0.26737429142490843,66441.17004897525,83429.42567011266,-144062.26159545206,-101654.74747037179,0.0,-156999.84572090762
CFG_GO,McGill,Full‑time,0.1,1,0,Stress,2,0.0,0.0,0.0,0.26737429142490843,66441.17004897525,83429.42567011266,-144062.26159545206,-101654.74747037179,0.0,-156999.84572090762
CFG_GP,McGill,Full‑time,0.1,1,0,Stress,3,0.0,0.0,0.0,0.26737429142490843,66441.17004897525,83429.42567011266,-144062.26159545206,-101654.74747037179,0.0,-156999.84572090762
CFG_GQ,McGill,Full‑time,0.1,1,1,Base,1,0.0,0.0,0.0,0.26737429142490843,66441.17004897525,83429.42567011266,-144062.26159545206,-101654.74747037179,0.0,-156999.84572090762
CFG_GR,McGill,Full‑time,0.1,1,1,Base,2,0.0,0.0,0.0,0.26737429142490843,66441.17004897525,83429.42567011266,-144062.26159545206,-101654.74747037179,0.0,-156999.84572090762
CFG_GS,McGill,Full‑time,0.1,1,1,Base,3,0.0,0.0,0.0,0.26737429142490843,66441.17004897525,83429.42567011266,-144062.26159545206,-101654.74747037179,0.0,-156999.84572090762
CFG_GT,McGill,Full‑time,0.1,1,1,Stress,1,0.0,0.0,0.0,0.26737429142490843,66441.17004897525,83429.42567011266,-144062.26159545206,-101654.74747037179,0.0,-156999.84572090762
CFG_GU,McGill,Full‑time,0.1,1,1,Stress,2,0.0,0.0,0.0,0.26737429142490843,66441.17004897525,83429.42567011266,-144062.26159545206,-101654.74747037179,0.0,-156999.84572090762
CFG_GV,McGill,Full‑time,0.1,1,1,Stress,3,0.0,0.0,0.0,0.26737429142490843,66441.17004897525,83429.42567011266,-144062.26159545206,-101654.74747037179,0.0,-156999.84572090762
CFG_GW,McGill,Full‑time,0.1,2,0,Base,1,1.0,0.0,0.1,0.27438974358074686,-183558.82995102476,58429.42567011266,-165835.81153780408,-108338.7839078549,0.0,-183558.82995102476
CFG_GX,McGill,Full‑time,0.1,2,0,Base,2,1.0,0.0,0.1,0.27438974358074686,-183558.82995102476,58429.42567011266,-165835.81153780408,-108338.7839078549,0.0,-183558.82995102476
CFG_GY,McGill,Full‑time,0.1,2,0,Base,3,1.0,0.0,0.1,0.27438974358074686,-183558.82995102476,58429.42567011266,-165835.81153780408,-108338.7839078549,0.0,-183558.82995102476
CFG_GZ,McGill,Full‑time,0.1,2,0,Stress,1,1.0,0.0,0.1,0.27438974358074686,-183558.82995102476,58429.42567011266,-165835.81153780408,-108338.7839078549,0.0,-183558.82995102476
CFG_HA,McGill,Full‑time,0.1,2,0,Stress,2,1.0,0.0,0.1,0.27438974358074686,-183558.82995102476,58429.42567011266,-165835.81153780408,-108338.7839078549,0.0,-183558.82995102476
CFG_HB,McGill,Full‑time,0.1,2,0,Stress,3,1.0,0.0,0.1,0.27438974358074686,-183558.82995102476,58429.42567011266,-165835.81153780408,-108338.7839078549,0.0,-183558.82995102476
CFG_HI,McGill,Full‑time,0.2,0,0,Base,1,0.0,0.0,0.0,0.3007702407277151,52707.015753953536,70414.42063086396,42902.209456153876,65310.0763841584,0.0,0.0
CFG_HJ,McGill,Full‑time,0.2,0,0,Base,2,0.0,0.0,0.0,0.3007702407277151,52707.015753953536,70414.42063086396,42902.209456153876,65310.0763841584,0.0,0.0
CFG_HK,McGill,Full‑time,0.2,0,0,Base,3,0.0,0.0,0.0,0.3007702407277151,52707.015753953536,70414.42063086396,42902.209456153876,65310.0763841584,0.0,0.0
CFG_HL,McGill,Full‑time,0.2,0,0,Stress,1,0.0,0.0,0.0,0.3007702407277151,52707.015753953536,70414.42063086396,42902.209456153876,65310.0763841584,0.0,0.0
CFG_HM,McGill,Full‑time,0.2,0,0,Stress,2,0.0,0.0,0.0,0.3007702407277151,52707.015753953536,70414.42063086396,42902.209456153876,65310.0763841584,0.0,0.0
CFG_HN,McGill,Full‑time,0.2,0,0,Stress,3,0.0,0.0,0.0,0.3007702407277151,52707.015753953536,70414.42063086396,42902.209456153876,65310.0763841584,0.0,0.0
CFG_HO,McGill,Full‑time,0.2,0,1,Base,1,0.0,0.0,0.0,0.3007702407277151,52707.015753953536,70414.42063086396,42902.209456153876,65310.0763841584,0.0,0.0
CFG_HP,McGill,Full‑time,0.2,0,1,Base,2,0.0,0.0,0.0,0.3007702407277151,52707.015753953536,70414.42063086396,42902.209456153876,65310.0763841584,0.0,0.0
CFG_HQ,McGill,Full‑time,0.2,0,1,Base,3,0.0,0.0,0.0,0.3007702407277151,52707.015753953536,70414.42063086396,42902.209456153876,65310.0763841584,0.0,0.0
CFG_HR,McGill,Full‑time,0.2,0,1,Stress,1,0.0,0.0,0.0,0.3007702407277151,52707.015753953536,70414.42063086396,42902.209456153876,65310.0763841584,0.0,0.0
CFG_HS,McGill,Full‑time,0.2,0,1,Stress,2,0.0,0.0,0.0,0.3007702407277151,52707.015753953536,70414.42063086396,42902.209456153876,65310.0763841584,0.0,0.0
CFG_HT,McGill,Full‑time,0.2,0,1,Stress,3,0.0,0.0,0.0,0.3007702407277151,52707.015753953536,70414.42063086396,42902.209456153876,65310.0763841584,0.0,0.0
CFG_HU,McGill,Full‑time,0.2,1,0,Base,1,0.0,0.0,0.0,0.2532533459416682,77707.01575395353,95414.42063086396,-131381.4213894943,-87058.5614323153,0.0,-144818.28717752316
CFG_HV,McGill,Full‑time,0.2,1,0,Base,2,0.0,0.0,0.0,0.2532533459416682,77707.01575395353,95414.42063086396,-131381.4213894943,-87058.5614323153,0.0,-144818.28717752316
CFG_HW,McGill,Full‑time,0.2,1,0,Base,3,0.0,0.0,0.0,0.2532533459416682,77707.01575395353,95414.42063086396,-131381.4213894943,-87058.5614323153,0.0,-144818.28717752316
CFG_HX,McGill,Full‑time,0.2,1,0,Stress,1,0.0,0.0,0.0,0.2532533459416682,77707.01575395353,95414.42063086396,-131381.4213894943,-87058.5614323153,0.0,-144818.28717752316
CFG_HY,McGill,Full‑time,0.2,1,0,Stress,2,0.0,0.0,0.0,0.2532533459416682,77707.01575395353,95414.42063086396,-131381.4213894943,-87058.5614323153,0.0,-144818.28717752316
CFG_HZ,McGill,Full‑time,0.2,1,0,Stress,3,0.0,0.0,0.0,0.2532533459416682,77707.01575395353,95414.42063086396,-131381.4213894943,-87058.5614323153,0.0,-144818.28717752316
CFG_IA,McGill,Full‑time,0.2,1,1,Base,1,0.0,0.0,0.0,0.2532533459416682,77707.01575395353,95414.42063086396,-131381.4213894943,-87058.5614323153,0.0,-144818.28717752316
CFG_IB,McGill,Full‑time,0.2,1,1,Base,2,0.0,0.0,0.0,0.2532533459416682,77707.01575395353,95414.42063086396,-131381.4213894943,-87058.5614323153,0.0,-144818.28717752316
CFG_IC,McGill,Full‑time,0.2,1,1,Base,3,0.0,0.0,0.0,0.2532533459416682,77707.01575395353,95414.42063086396,-131381.4213894943,-87058.5614323153,0.0,-144818.28717752316
CFG_ID,McGill,Full‑time,0.2,1,1,Stress,1,0.0,0.0,0.0,0.2532533459416682,77707.01575395353,95414.42063086396,-131381.4213894943,-87058.5614323153,0.0,-144818.28717752316
CFG_IE,McGill,Full‑time,0.2,1,1,Stress,2,0.0,0.0,0.0,0.2532533459416682,77707.01575395353,95414.42063086396,-131381.4213894943,-87058.5614323153,0.0,-144818.28717752316
CFG_IF,McGill,Full‑time,0.2,1,1,Stress,3,0.0,0.0,0.0,0.2532533459416682,77707.01575395353,95414.42063086396,-131381.4213894943,-87058.5614323153,0.0,-144818.28717752316
CFG_IG,McGill,Full‑time,0.2,2,0,Base,1,1.0,0.0,0.1,0.26895310321528815,-172292.98424604646,70414.42063086396,-153592.34664805772,-93627.3333030835,0.0,-172292.98424604646
CFG_IH,McGill,Full‑time,0.2,2,0,Base,2,1.0,0.0,0.1,0.26895310321528815,-172292.98424604646,70414.42063086396,-153592.34664805772,-93627.3333030835,0.0,-172292.98424604646
CFG_II,McGill,Full‑time,0.2,2,0,Base,3,1.0,0.0,0.1,0.26895310321528815,-172292.98424604646,70414.42063086396,-153592.34664805772,-93627.3333030835,0.0,-172292.98424604646
CFG_IJ,McGill,Full‑time,0.2,2,0,Stress,1,1.0,0.0,0.1,0.26895310321528815,-172292.98424604646,70414.42063086396,-153592.34664805772,-93627.3333030835,0.0,-172292.98424604646
CFG_IK,McGill,Full‑time,0.2,2,0,Stress,2,1.0,0.0,0.1,0.26895310321528815,-172292.98424604646,70414.42063086396,-153592.34664805772,-93627.3333030835,0.0,-172292.98424604646
CFG_IL,McGill,Full‑time,0.2,2,0,Stress,3,1.0,0.0,0.1,0.26895310321528815,-172292.98424604646,70414.42063086396,-153592.34664805772,-93627.3333030835,0.0,-172292.98424604646
CFG_IS,McGill,Full‑time,0.3,0,0,Base,1,0.0,0.0,0.0,0.28234146649610187,63680.78249089732,82370.2076948118,53861.34401920649,76835.71329031957,0.0,0.0
CFG_IT,McGill,Full‑time,0.3,0,0,Base,2,0.0,0.0,0.0,0.28234146649610187,63680.78249089732,82370.2076948118,53861.34401920649,76835.71329031957,0.0,0.0
CFG_IU,McGill,Full‑time,0.3,0,0,Base,3,0.0,0.0,0.0,0.28234146649610187,63680.78249089732,82370.2076948118,53861.34401920649,76835.71329031957,0.0,0.0
CFG_IV,McGill,Full‑time,0.3,0,0,Stress,1,0.0,0.0,0.0,0.28234146649610187,63680.78249089732,82370.2076948118,53861.34401920649,76835.71329031957,0.0,0.0
CFG_IW,McGill,Full‑time,0.3,0,0,Stress,2,0.0,0.0,0.0,0.28234146649610187,63680.78249089732,82370.2076948118,53861.34401920649,76835.71329031957,0.0,0.0
CFG_IX,McGill,Full‑time,0.3,0,0,Stress,3,0.0,0.0,0.0,0.28234146649610187,63680.78249089732,82370.2076948118,53861.34401920649,76835.71329031957,0.0,0.0
CFG_IY,McGill,Full‑time,0.3,0,1,Base,1,0.0,0.0,0.0,0.28234146649610187,63680.78249089732,82370.2076948118,53861.34401920649,76835.71329031957,0.0,0.0
CFG_IZ,McGill,Full‑time,0.3,0,1,Base,2,0.0,0.0,0.0,0.28234146649610187,63680.78249089732,82370.2076948118,53861.34401920649,76835.71329031957,0.0,0.0
CFG_JA,McGill,Full‑time,0.3,0,1,Base,3,0.0,0.0,0.0,0.28234146649610187,63680.78249089732,82370.2076948118,53861.34401920649,76835.71329031957,0.0,0.0
CFG_JB,McGill,Full‑time,0.3,0,1,Stress,1,0.0,0.0,0.0,0.28234146649610187,63680.78249089732,82370.2076948118,53861.34401920649,76835.71329031957,0.0,0.0
CFG_JC,McGill,Full‑time,0.3,0,1,Stress,2,0.0,0.0,0.0,0.28234146649610187,63680.78249089732,82370.2076948118,53861.34401920649,76835.71329031957,0.0,0.0
CFG_JD,McGill,Full‑time,0.3,0,1,Stress,3,0.0,0.0,0.0,0.28234146649610187,63680.78249089732,82370.2076948118,53861.34401920649,76835.71329031957,0.0,0.0
CFG_JE,McGill,Full‑time,0.3,1,0,Base,1,0.0,0.0,0.0,0.2415441678652349,88680.78249089733,107370.20769481179,-118700.5811835365,-72390.96014742512,0.0,-132636.72863413877
CFG_JF,McGill,Full‑time,0.3,1,0,Base,2,0.0,0.0,0.0,0.2415441678652349,88680.78249089733,107370.20769481179,-118700.5811835365,-72390.96014742512,0.0,-132636.72863413877
CFG_JG,McGill,Full‑time,0.3,1,0,Base,3,0.0,0.0,0.0,0.2415441678652349,88680.78249089733,107370.20769481179,-118700.5811835365,-72390.96014742512,0.0,-132636.72863413877
CFG_JH,McGill,Full‑time,0.3,1,0,Stress,1,0.0,0.0,0.0,0.2415441678652349,88680.78249089733,107370.20769481179,-118700.5811835365,-72390.96014742512,0.0,-132636.72863413877
CFG_JI,McGill,Full‑time,0.3,1,0,Stress,2,0.0,0.0,0.0,0.2415441678652349,88680.78249089733,107370.20769481179,-118700.5811835365,-72390.96014742512,0.0,-132636.72863413877
CFG_JJ,McGill,Full‑time,0.3,1,0,Stress,3,0.0,0.0,0.0,0.2415441678652349,88680.78249089733,107370.20769481179,-118700.5811835365,-72390.96014742512,0.0,-132636.72863413877
CFG_JK,McGill,Full‑time,0.3,1,1,Base,1,0.0,0.0,0.0,0.2415441678652349,88680.78249089733,107370.20769481179,-118700.5811835365,-72390.96014742512,0.0,-132636.72863413877
CFG_JL,McGill,Full‑time,0.3,1,1,Base,2,0.0,0.0,0.0,0.2415441678652349,88680.78249089733,107370.20769481179,-118700.5811835365,-72390.96014742512,0.0,-132636.72863413877
CFG_JM,McGill,Full‑time,0.3,1,1,Base,3,0.0,0.0,0.0,0.2415441678652349,88680.78249089733,107370.20769481179,-118700.5811835365,-72390.96014742512,0.0,-132636.72863413877
CFG_JN,McGill,Full‑time,0.3,1,1,Stress,1,0.0,0.0,0.0,0.2415441678652349,88680.78249089733,107370.20769481179,-118700.5811835365,-72390.96014742512,0.0,-132636.72863413877
CFG_JO,McGill,Full‑time,0.3,1,1,Stress,2,0.0,0.0,0.0,0.2415441678652349,88680.78249089733,107370.20769481179,-118700.5811835365,-72390.96014742512,0.0,-132636.72863413877
CFG_JP,McGill,Full‑time,0.3,1,1,Stress,3,0.0,0.0,0.0,0.2415441678652349,88680.78249089733,107370.20769481179,-118700.5811835365,-72390.96014742512,0.0,-132636.72863413877
CFG_JQ,McGill,Full‑time,0.3,2,0,Base,1,1.0,0.0,0.1,0.2681563375003496,-161319.21750910266,82370.2076948118,-141348.88175831136,-79043.15442260106,0.0,-161319.21750910266
CFG_JR,McGill,Full‑time,0.3,2,0,Base,2,1.0,0.0,0.1,0.2681563375003496,-161319.21750910266,82370.2076948118,-141348.88175831136,-79043.15442260106,0.0,-161319.21750910266
CFG_JS,McGill,Full‑time,0.3,2,0,Base,3,1.0,0.0,0.1,0.2681563375003496,-161319.21750910266,82370.2076948118,-141348.88175831136,-79043.15442260106,0.0,-161319.21750910266
CFG_JT,McGill,Full‑time,0.3,2,0,Stress,1,1.0,0.0,0.1,0.2681563375003496,-161319.21750910266,82370.2076948118,-141348.88175831136,-79043.15442260106,0.0,-161319.21750910266
CFG_JU,McGill,Full‑time,0.3,2,0,Stress,2,1.0,0.0,0.1,0.2681563375003496,-161319.21750910266,82370.2076948118,-141348.88175831136,-79043.15442260106,0.0,-161319.21750910266
CFG_JV,McGill,Full‑time,0.3,2,0,Stress,3,1.0,0.0,0.1,0.2681563375003496,-161319.21750910266,82370.2076948118,-141348.88175831136,-79043.15442260106,0.0,-161319.21750910266
CFG_KC,JohnsHopkins,Part‑time,0.0,0,0,Base,1,0.07,0.0,0.523,0.4606108664439364,-4994.616319365251,-76580.94480239492,-164660.97570906507,-136860.9114194429,1.0,-98269.15198779356
CFG_KD,JohnsHopkins,Part‑time,0.0,0,0,Base,2,0.07,0.0,0.523,0.4606108664439364,-4994.616319365251,-76580.94480239492,-164660.97570906507,-136860.9114194429,1.0,-98269.15198779356
CFG_KE,JohnsHopkins,Part‑time,0.0,0,0,Base,3,0.07,0.0,0.523,0.4606108664439364,-4994.616319365251,-76580.94480239492,-164660.97570906507,-136860.9114194429,1.0,-98269.15198779356
CFG_KF,JohnsHopkins,Part‑time,0.0,0,0,Stress,1,0.07,0.0,0.523,0.4532957054258538,-4994.616319365251,-79557.42842344558,-170153.7358637287,-142413.26837690067,1.0,-101989.7565141069
CFG_KG,JohnsHopkins,Part‑time,0.0,0,0,Stress,2,0.07,0.0,0.523,0.4532957054258538,-4994.616319365251,-79557.42842344558,-170153.7358637287,-142413.26837690067,1.0,-101989.7565141069
CFG_KH,JohnsHopkins,Part‑time,0.0,0,0,Stress,3,0.07,0.0,0.523,0.4532957054258538,-4994.616319365251,-79557.42842344558,-170153.7358637287,-142413.26837690067,1.0,-101989.7565141069
CFG_KI,JohnsHopkins,Part‑time,0.0,0,1,Base,1,0.07,0.0,0.523,0.4606108664439364,-4994.616319365251,-76580.94480239492,-164660.97570906507,-136860.9114194429,1.0,-98269.15198779356
CFG_KJ,JohnsHopkins,Part‑time,0.0,0,1,Base,2,0.07,0.0,0.523,0.4606108664439364,-4994.616319365251,-76580.94480239492,-164660.97570906507,-136860.9114194429,1.0,-98269.15198779356
CFG_KK,JohnsHopkins,Part‑time,0.0,0,1,Base,3,0.07,0.0,0.523,0.4606108664439364,-4994.616319365251,-76580.94480239492,-164660.97570906507,-136860.9114194429,1.0,-98269.15198779356
CFG_KL,JohnsHopkins,Part‑time,0.0,0,1,Stress,1,0.07,0.0,0.523,0.4532957054258538,-4994.616319365251,-79557.42842344558,-170153.7358637287,-142413.26837690067,1.0,-101989.7565141069
CFG_KM,JohnsHopkins,Part‑time,0.0,0,1,Stress,2,0.07,0.0,0.523,0.4532957054258538,-4994.616319365251,-79557.42842344558,-170153.7358637287,-142413.26837690067,1.0,-101989.7565141069
CFG_KN,JohnsHopkins,Part‑time,0.0,0,1,Stress,3,0.07,0.0,0.523,0.4532957054258538,-4994.616319365251,-79557.42842344558,-170153.7358637287,-142413.26837690067,1.0,-101989.7565141069
CFG_KO,JohnsHopkins,Part‑time,0.0,1,0,Base,1,0.0,0.0,0.49799999999999994,0.41186012290786805,20005.38368063475,-51580.944802394915,-219134.8113364827,-188247.02793755347,0.53,-147058.4177203885
CFG_KP,JohnsHopkins,Part‑time,0.0,1,0,Base,2,0.0,0.0,0.49799999999999994,0.41186012290786805,20005.38368063475,-51580.944802394915,-219134.8113364827,-188247.02793755347,0.53,-147058.4177203885
CFG_KQ,JohnsHopkins,Part‑time,0.0,1,0,Base,3,0.0,0.0,0.49799999999999994,0.41186012290786805,20005.38368063475,-51580.944802394915,-219134.8113364827,-188247.02793755347,0.53,-147058.4177203885
CFG_KR,JohnsHopkins,Part‑time,0.0,1,0,Stress,1,0.0,0.0,0.49799999999999994,0.3984871964282096,20005.38368063475,-54557.42842344559,-219134.8113364827,-188247.02793755347,0.66,-152019.22375547295
CFG_KS,JohnsHopkins,Part‑time,0.0,1,0,Stress,2,0.0,0.0,0.49799999999999994,0.3984871964282096,20005.38368063475,-54557.42842344559,-219134.8113364827,-188247.02793755347,0.66,-152019.22375547295
CFG_KT,JohnsHopkins,Part‑time,0.0,1,0,Stress,3,0.0,0.0,0.49799999999999994,0.3984871964282096,20005.38368063475,-54557.42842344559,-219134.8113364827,-188247.02793755347,0.66,-152019.22375547295
CFG_KU,JohnsHopkins,Part‑time,0.0,1,1,Base,1,0.0,0.0,0.49799999999999994,0.41186012290786805,20005.38368063475,-51580.944802394915,-219134.8113364827,-188247.02793755347,0.53,-147058.4177203885
CFG_KV,JohnsHopkins,Part‑time,0.0,1,1,Base,2,0.0,0.0,0.49799999999999994,0.41186012290786805,20005.38368063475,-51580.944802394915,-219134.8113364827,-188247.02793755347,0.53,-147058.4177203885
CFG_KW,JohnsHopkins,Part‑time,0.0,1,1,Base,3,0.0,0.0,0.49799999999999994,0.41186012290786805,20005.38368063475,-51580.944802394915,-219134.8113364827,-188247.02793755347,0.53,-147058.4177203885
CFG_KX,JohnsHopkins,Part‑time,0.0,1,1,Stress,1,0.0,0.0,0.49799999999999994,0.3984871964282096,20005.38368063475,-54557.42842344559,-219134.8113364827,-188247.02793755347,0.66,-152019.22375547295
CFG_KY,JohnsHopkins,Part‑time,0.0,1,1,Stress,2,0.0,0.0,0.49799999999999994,0.3984871964282096,20005.38368063475,-54557.42842344559,-219134.8113364827,-188247.02793755347,0.66,-152019.22375547295
CFG_KZ,JohnsHopkins,Part‑time,0.0,1,1,Stress,3,0.0,0.0,0.49799999999999994,0.3984871964282096,20005.38368063475,-54557.42842344559,-219134.8113364827,-188247.02793755347,0.66,-152019.22375547295
CFG_LA,JohnsHopkins,Part‑time,0.0,2,0,Base,1,1.0,0.0,0.598,0.3892131450281672,-229994.61631936525,-76580.94480239492,-215667.98774956987,-174764.37487138069,1.0,-147150.93479713265
CFG_LB,JohnsHopkins,Part‑time,0.0,2,0,Base,2,1.0,0.0,0.598,0.3892131450281672,-229994.61631936525,-76580.94480239492,-215667.98774956987,-174764.37487138069,1.0,-147150.93479713265
CFG_LC,JohnsHopkins,Part‑time,0.0,2,0,Base,3,1.0,0.0,0.598,0.3892131450281672,-229994.61631936525,-76580.94480239492,-215667.98774956987,-174764.37487138069,1.0,-147150.93479713265
CFG_LD,JohnsHopkins,Part‑time,0.0,2,0,Stress,1,1.0,0.0,0.598,0.37584021854850874,-229994.61631936525,-79557.42842344558,-215667.98774956987,-174764.37487138069,1.0,-152111.7408322171
CFG_LE,JohnsHopkins,Part‑time,0.0,2,0,Stress,2,1.0,0.0,0.598,0.37584021854850874,-229994.61631936525,-79557.42842344558,-215667.98774956987,-174764.37487138069,1.0,-152111.7408322171
CFG_LF,JohnsHopkins,Part‑time,0.0,2,0,Stress,3,1.0,0.0,0.598,0.37584021854850874,-229994.61631936525,-79557.42842344558,-215667.98774956987,-174764.37487138069,1.0,-152111.7408322171
CFG_LM,JohnsHopkins,Part‑time,0.1,0,0,Base,1,0.0,0.0,0.5039999999999999,0.44118909220013747,6326.76309245463,-64424.439140664625,-154047.08603258993,-124727.98623245387,0.87,-143279.10730194036
CFG_LN,JohnsHopkins,Part‑time,0.1,0,0,Base,2,0.0,0.0,0.5039999999999999,0.44118909220013747,6326.76309245463,-64424.439140664625,-154047.08603258993,-124727.98623245387,0.87,-143279.10730194036
CFG_LO,JohnsHopkins,Part‑time,0.1,0,0,Base,3,0.0,0.0,0.5039999999999999,0.44118909220013747,6326.76309245463,-64424.439140664625,-154047.08603258993,-124727.98623245387,0.87,-143279.10730194036
CFG_LP,JohnsHopkins,Part‑time,0.1,0,0,Stress,1,0.0,0.0,0.506,0.43033450267316764,6326.76309245463,-67479.83647909571,-159462.8080188982,-130115.05594446532,0.89,-149389.90197880255
CFG_LQ,JohnsHopkins,Part‑time,0.1,0,0,Stress,2,0.0,0.0,0.506,0.43033450267316764,6326.76309245463,-67479.83647909571,-159462.8080188982,-130115.05594446532,0.89,-149389.90197880255
CFG_LR,JohnsHopkins,Part‑time,0.1,0,0,Stress,3,0.0,0.0,0.506,0.43033450267316764,6326.76309245463,-67479.83647909571,-159462.8080188982,-130115.05594446532,0.89,-149389.90197880255
CFG_LS,JohnsHopkins,Part‑time,0.1,0,1,Base,1,0.0,0.0,0.5039999999999999,0.44118909220013747,6326.76309245463,-64424.439140664625,-154047.08603258993,-124727.98623245387,0.87,-143279.10730194036
CFG_LT,JohnsHopkins,Part‑time,0.1,0,1,Base,2,0.0,0.0,0.5039999999999999,0.44118909220013747,6326.76309245463,-64424.439140664625,-154047.08603258993,-124727.98623245387,0.87,-143279.10730194036
CFG_LU,JohnsHopkins,Part‑time,0.1,0,1,Base,3,0.0,0.0,0.5039999999999999,0.44118909220013747,6326.76309245463,-64424.439140664625,-154047.08603258993,-124727.98623245387,0.87,-143279.10730194036
CFG_LV,JohnsHopkins,Part‑time,0.1,0,1,Stress,1,0.0,0.0,0.506,0.43033450267316764,6326.76309245463,-67479.83647909571,-159462.8080188982,-130115.05594446532,0.89,-149389.90197880255
CFG_LW,JohnsHopkins,Part‑time,0.1,0,1,Stress,2,0.0,0.0,0.506,0.43033450267316764,6326.76309245463,-67479.83647909571,-159462.8080188982,-130115.05594446532,0.89,-149389.90197880255
CFG_LX,JohnsHopkins,Part‑time,0.1,0,1,Stress,3,0.0,0.0,0.506,0.43033450267316764,6326.76309245463,-67479.83647909571,-159462.8080188982,-130115.05594446532,0.89,-149389.90197880255
CFG_LY,JohnsHopkins,Part‑time,0.1,1,0,Base,1,0.0,0.0,0.48599999999999993,0.4556314893622229,31326.76309245463,-39424.43914066463,-206527.29460088632,-173562.53156914574,0.09,-134775.5819708696
CFG_LZ,JohnsHopkins,Part‑time,0.1,1,0,Base,2,0.0,0.0,0.48599999999999993,0.4556314893622229,31326.76309245463,-39424.43914066463,-206527.29460088632,-173562.53156914574,0.09,-134775.5819708696
CFG_MA,JohnsHopkins,Part‑time,0.1,1,0,Base,3,0.0,0.0,0.48599999999999993,0.4556314893622229,31326.76309245463,-39424.43914066463,-206527.29460088632,-173562.53156914574,0.09,-134775.5819708696
CFG_MB,JohnsHopkins,Part‑time,0.1,1,0,Stress,1,0.0,0.0,0.49000000000000005,0.4334899542687224,31326.76309245463,-42479.83647909573,-206527.29460088632,-174232.30019492918,0.14,-139867.91086825478
CFG_MC,JohnsHopkins,Part‑time,0.1,1,0,Stress,2,0.0,0.0,0.49000000000000005,0.4334899542687224,31326.76309245463,-42479.83647909573,-206527.29460088632,-174232.30019492918,0.14,-139867.91086825478
CFG_MD,JohnsHopkins,Part‑time,0.1,1,0,Stress,3,0.0,0.0,0.49000000000000005,0.4334899542687224,31326.76309245463,-42479.83647909573,-206527.29460088632,-174232.30019492918,0.14,-139867.91086825478
CFG_ME,JohnsHopkins,Part‑time,0.1,1,1,Base,1,0.0,0.0,0.48599999999999993,0.4556314893622229,31326.76309245463,-39424.43914066463,-206527.29460088632,-173562.53156914574,0.09,-134775.5819708696
CFG_MF,JohnsHopkins,Part‑time,0.1,1,1,Base,2,0.0,0.0,0.48599999999999993,0.4556314893622229,31326.76309245463,-39424.43914066463,-206527.29460088632,-173562.53156914574,0.09,-134775.5819708696
CFG_MG,JohnsHopkins,Part‑time,0.1,1,1,Base,3,0.0,0.0,0.48599999999999993,0.4556314893622229,31326.76309245463,-39424.43914066463,-206527.29460088632,-173562.53156914574,0.09,-134775.5819708696
CFG_MH,JohnsHopkins,Part‑time,0.1,1,1,Stress,1,0.0,0.0,0.49000000000000005,0.4334899542687224,31326.76309245463,-42479.83647909573,-206527.29460088632,-174232.30019492918,0.14,-139867.91086825478
CFG_MI,JohnsHopkins,Part‑time,0.1,1,1,Stress,2,0.0,0.0,0.49000000000000005,0.4334899542687224,31326.76309245463,-42479.83647909573,-206527.29460088632,-174232.30019492918,0.14,-139867.91086825478
CFG_MJ,JohnsHopkins,Part‑time,0.1,1,1,Stress,3,0.0,0.0,0.49000000000000005,0.4334899542687224,31326.76309245463,-42479.83647909573,-206527.29460088632,-174232.30019492918,0.14,-139867.91086825478
CFG_MK,JohnsHopkins,Part‑time,0.1,2,0,Base,1,1.0,0.0,0.586,0.43995818773386447,-218673.23690754536,-64424.439140664625,-203424.5228598235,-160117.8229807149,0.87,-135011.46223620785
CFG_ML,JohnsHopkins,Part‑time,0.1,2,0,Base,2,1.0,0.0,0.586,0.43995818773386447,-218673.23690754536,-64424.439140664625,-203424.5228598235,-160117.8229807149,0.87,-135011.46223620785
CFG_MM,JohnsHopkins,Part‑time,0.1,2,0,Base,3,1.0,0.0,0.586,0.43995818773386447,-218673.23690754536,-64424.439140664625,-203424.5228598235,-160117.8229807149,0.87,-135011.46223620785
CFG_MN,JohnsHopkins,Part‑time,0.1,2,0,Stress,1,1.0,0.0,0.5900000000000001,0.417816652640364,-218673.23690754536,-67479.83647909571,-203424.5228598235,-160117.8229807149,0.89,-140103.791133593
CFG_MO,JohnsHopkins,Part‑time,0.1,2,0,Stress,2,1.0,0.0,0.5900000000000001,0.417816652640364,-218673.23690754536,-67479.83647909571,-203424.5228598235,-160117.8229807149,0.89,-140103.791133593
CFG_MP,JohnsHopkins,Part‑time,0.1,2,0,Stress,3,1.0,0.0,0.5900000000000001,0.417816652640364,-218673.23690754536,-67479.83647909571,-203424.5228598235,-160117.8229807149,0.89,-140103.791133593
CFG_MW,JohnsHopkins,Part‑time,0.2,0,0,Base,1,0.0,0.0,0.495,0.4596098994048579,17815.603005366058,-52137.83733589066,-143397.46180225565,-112164.06593194007,0.4,-130750.10378901148
CFG_MX,JohnsHopkins,Part‑time,0.2,0,0,Base,2,0.0,0.0,0.495,0.4596098994048579,17815.603005366058,-52137.83733589066,-143397.46180225565,-112164.06593194007,0.4,-130750.10378901148
CFG_MY,JohnsHopkins,Part‑time,0.2,0,0,Base,3,0.0,0.0,0.495,0.4596098994048579,17815.603005366058,-52137.83733589066,-143397.46180225565,-112164.06593194007,0.4,-130750.10378901148
CFG_MZ,JohnsHopkins,Part‑time,0.2,0,0,Stress,1,0.0,0.0,0.49799999999999994,0.442655278605503,17815.603005366058,-55217.99462754502,-148804.2768918931,-117891.43682027468,0.48,-136910.4183723202
CFG_NA,JohnsHopkins,Part‑time,0.2,0,0,Stress,2,0.0,0.0,0.49799999999999994,0.442655278605503,17815.603005366058,-55217.99462754502,-148804.2768918931,-117891.43682027468,0.48,-136910.4183723202
CFG_NB,JohnsHopkins,Part‑time,0.2,0,0,Stress,3,0.0,0.0,0.49799999999999994,0.442655278605503,17815.603005366058,-55217.99462754502,-148804.2768918931,-117891.43682027468,0.48,-136910.4183723202
CFG_NC,JohnsHopkins,Part‑time,0.2,0,1,Base,1,0.0,0.0,0.495,0.4596098994048579,17815.603005366058,-52137.83733589066,-143397.46180225565,-112164.06593194007,0.4,-130750.10378901148
CFG_ND,JohnsHopkins,Part‑time,0.2,0,1,Base,2,0.0,0.0,0.495,0.4596098994048579,17815.603005366058,-52137.83733589066,-143397.46180225565,-112164.06593194007,0.4,-130750.10378901148
CFG_NE,JohnsHopkins,Part‑time,0.2,0,1,Base,3,0.0,0.0,0.495,0.4596098994048579,17815.603005366058,-52137.83733589066,-143397.46180225565,-112164.06593194007,0.4,-130750.10378901148
CFG_NF,JohnsHopkins,Part‑time,0.2,0,1,Stress,1,0.0,0.0,0.49799999999999994,0.442655278605503,17815.603005366058,-55217.99462754502,-148804.2768918931,-117891.43682027468,0.48,-136910.4183723202
CFG_NG,JohnsHopkins,Part‑time,0.2,0,1,Stress,2,0.0,0.0,0.49799999999999994,0.442655278605503,17815.603005366058,-55217.99462754502,-148804.2768918931,-117891.43682027468,0.48,-136910.4183723202
CFG_NH,JohnsHopkins,Part‑time,0.2,0,1,Stress,3,0.0,0.0,0.49799999999999994,0.442655278605503,17815.603005366058,-55217.99462754502,-148804.2768918931,-117891.43682027468,0.48,-136910.4183723202
CFG_NI,JohnsHopkins,Part‑time,0.2,1,0,Base,1,0.0,0.0,0.45599999999999996,0.5505012908066363,42815.60300536606,-27137.83733589066,-193919.77786528997,-159025.91753300547,0.0,-122304.4859528648
CFG_NJ,JohnsHopkins,Part‑time,0.2,1,0,Base,2,0.0,0.0,0.45599999999999996,0.5505012908066363,42815.60300536606,-27137.83733589066,-193919.77786528997,-159025.91753300547,0.0,-122304.4859528648
CFG_NK,JohnsHopkins,Part‑time,0.2,1,0,Base,3,0.0,0.0,0.45599999999999996,0.5505012908066363,42815.60300536606,-27137.83733589066,-193919.77786528997,-159025.91753300547,0.0,-122304.4859528648
CFG_NL,JohnsHopkins,Part‑time,0.2,1,0,Stress,1,0.0,0.0,0.46699999999999997,0.5095173135685742,42815.60300536606,-30217.994627545017,-193919.77786528997,-160041.29435904475,0.0,-127438.08143895543
CFG_NM,JohnsHopkins,Part‑time,0.2,1,0,Stress,2,0.0,0.0,0.46699999999999997,0.5095173135685742,42815.60300536606,-30217.994627545017,-193919.77786528997,-160041.29435904475,0.0,-127438.08143895543
CFG_NN,JohnsHopkins,Part‑time,0.2,1,0,Stress,3,0.0,0.0,0.46699999999999997,0.5095173135685742,42815.60300536606,-30217.994627545017,-193919.77786528997,-160041.29435904475,0.0,-127438.08143895543
CFG_NO,JohnsHopkins,Part‑time,0.2,1,1,Base,1,0.0,0.0,0.45599999999999996,0.5505012908066363,42815.60300536606,-27137.83733589066,-193919.77786528997,-159025.91753300547,0.0,-122304.4859528648
CFG_NP,JohnsHopkins,Part‑time,0.2,1,1,Base,2,0.0,0.0,0.45599999999999996,0.5505012908066363,42815.60300536606,-27137.83733589066,-193919.77786528997,-159025.91753300547,0.0,-122304.4859528648
CFG_NQ,JohnsHopkins,Part‑time,0.2,1,1,Base,3,0.0,0.0,0.45599999999999996,0.5505012908066363,42815.60300536606,-27137.83733589066,-193919.77786528997,-159025.91753300547,0.0,-122304.4859528648
CFG_NR,JohnsHopkins,Part‑time,0.2,1,1,Stress,1,0.0,0.0,0.46699999999999997,0.5095173135685742,42815.60300536606,-30217.994627545017,-193919.77786528997,-160041.29435904475,0.0,-127438.08143895543
CFG_NS,JohnsHopkins,Part‑time,0.2,1,1,Stress,2,0.0,0.0,0.46699999999999997,0.5095173135685742,42815.60300536606,-30217.994627545017,-193919.77786528997,-160041.29435904475,0.0,-127438.08143895543
CFG_NT,JohnsHopkins,Part‑time,0.2,1,1,Stress,3,0.0,0.0,0.46699999999999997,0.5095173135685742,42815.60300536606,-30217.994627545017,-193919.77786528997,-160041.29435904475,0.0,-127438.08143895543
CFG_NU,JohnsHopkins,Part‑time,0.2,2,0,Base,1,1.0,0.0,0.5559999999999999,0.5410250549720705,-207184.39699463395,-52137.83733589066,-191181.05797007718,-145482.32739227163,0.4,-122655.81932328189
CFG_NV,JohnsHopkins,Part‑time,0.2,2,0,Base,2,1.0,0.0,0.5559999999999999,0.5410250549720705,-207184.39699463395,-52137.83733589066,-191181.05797007718,-145482.32739227163,0.4,-122655.81932328189
CFG_NW,JohnsHopkins,Part‑time,0.2,2,0,Base,3,1.0,0.0,0.5559999999999999,0.5410250549720705,-207184.39699463395,-52137.83733589066,-191181.05797007718,-145482.32739227163,0.4,-122655.81932328189
CFG_NX,JohnsHopkins,Part‑time,0.2,2,0,Stress,1,1.0,0.0,0.567,0.5000410777340083,-207184.39699463395,-55217.99462754502,-191181.05797007718,-145482.32739227163,0.48,-127789.4148093725
CFG_NY,JohnsHopkins,Part‑time,0.2,2,0,Stress,2,1.0,0.0,0.567,0.5000410777340083,-207184.39699463395,-55217.99462754502,-191181.05797007718,-145482.32739227163,0.48,-127789.4148093725
CFG_NZ,JohnsHopkins,Part‑time,0.2,2,0,Stress,3,1.0,0.0,0.567,0.5000410777340083,-207184.39699463395,-55217.99462754502,-191181.05797007718,-145482.32739227163,0.48,-127789.4148093725
CFG_OG,JohnsHopkins,Part‑time,0.3,0,0,Base,1,0.0,0.0,0.472,0.5182534102743942,29304.44291827754,-39924.57113028955,-132880.34313923877,-99514.3922780485,0.04,-118367.77147442833
CFG_OH,JohnsHopkins,Part‑time,0.3,0,0,Base,2,0.0,0.0,0.472,0.5182534102743942,29304.44291827754,-39924.57113028955,-132880.34313923877,-99514.3922780485,0.04,-118367.77147442833
CFG_OI,JohnsHopkins,Part‑time,0.3,0,0,Base,3,0.0,0.0,0.472,0.5182534102743942,29304.44291827754,-39924.57113028955,-132880.34313923877,-99514.3922780485,0.04,-118367.77147442833
CFG_OJ,JohnsHopkins,Part‑time,0.3,0,0,Stress,1,0.0,0.0,0.48200000000000004,0.4895683336069565,29304.44291827754,-42921.365134356914,-138287.15822887624,-105182.88028743138,0.08,-124361.35948256307
CFG_OK,JohnsHopkins,Part‑time,0.3,0,0,Stress,2,0.0,0.0,0.48200000000000004,0.4895683336069565,29304.44291827754,-42921.365134356914,-138287.15822887624,-105182.88028743138,0.08,-124361.35948256307
CFG_OL,JohnsHopkins,Part‑time,0.3,0,0,Stress,3,0.0,0.0,0.48200000000000004,0.4895683336069565,29304.44291827754,-42921.365134356914,-138287.15822887624,-105182.88028743138,0.08,-124361.35948256307
CFG_OM,JohnsHopkins,Part‑time,0.3,0,1,Base,1,0.0,0.0,0.472,0.5182534102743942,29304.44291827754,-39924.57113028955,-132880.34313923877,-99514.3922780485,0.04,-118367.77147442833
CFG_ON,JohnsHopkins,Part‑time,0.3,0,1,Base,2,0.0,0.0,0.472,0.5182534102743942,29304.44291827754,-39924.57113028955,-132880.34313923877,-99514.3922780485,0.04,-118367.77147442833
CFG_OO,JohnsHopkins,Part‑time,0.3,0,1,Base,3,0.0,0.0,0.472,0.5182534102743942,29304.44291827754,-39924.57113028955,-132880.34313923877,-99514.3922780485,0.04,-118367.77147442833
CFG_OP,JohnsHopkins,Part‑time,0.3,0,1,Stress,1,0.0,0.0,0.48200000000000004,0.4895683336069565,29304.44291827754,-42921.365134356914,-138287.15822887624,-105182.88028743138,0.08,-124361.35948256307
CFG_OQ,JohnsHopkins,Part‑time,0.3,0,1,Stress,2,0.0,0.0,0.48200000000000004,0.4895683336069565,29304.44291827754,-42921.365134356914,-138287.15822887624,-105182.88028743138,0.08,-124361.35948256307
CFG_OR,JohnsHopkins,Part‑time,0.3,0,1,Stress,3,0.0,0.0,0.48200000000000004,0.4895683336069565,29304.44291827754,-42921.365134356914,-138287.15822887624,-105182.88028743138,0.08,-124361.35948256307
CFG_OS,JohnsHopkins,Part‑time,0.3,1,0,Base,1,0.0,0.0,0.391,0.7606585934898373,54304.442918277535,-14924.57113028955,-181312.2611296936,-145403.82254536747,0.0,-109955.61593348144
CFG_OT,JohnsHopkins,Part‑time,0.3,1,0,Base,2,0.0,0.0,0.391,0.7606585934898373,54304.442918277535,-14924.57113028955,-181312.2611296936,-145403.82254536747,0.0,-109955.61593348144
CFG_OU,JohnsHopkins,Part‑time,0.3,1,0,Base,3,0.0,0.0,0.391,0.7606585934898373,54304.442918277535,-14924.57113028955,-181312.2611296936,-145403.82254536747,0.0,-109955.61593348144
CFG_OV,JohnsHopkins,Part‑time,0.3,1,0,Stress,1,0.0,0.0,0.41600000000000004,0.6674471450853436,54304.442918277535,-17921.365134356918,-181312.2611296936,-145403.82254536747,0.0,-114950.27260692709
CFG_OW,JohnsHopkins,Part‑time,0.3,1,0,Stress,2,0.0,0.0,0.41600000000000004,0.6674471450853436,54304.442918277535,-17921.365134356918,-181312.2611296936,-145403.82254536747,0.0,-114950.27260692709
CFG_OX,JohnsHopkins,Part‑time,0.3,1,0,Stress,3,0.0,0.0,0.41600000000000004,0.6674471450853436,54304.442918277535,-17921.365134356918,-181312.2611296936,-145403.82254536747,0.0,-114950.27260692709
CFG_OY,JohnsHopkins,Part‑time,0.3,1,1,Base,1,0.0,0.0,0.391,0.7606585934898373,54304.442918277535,-14924.57113028955,-181312.2611296936,-145403.82254536747,0.0,-109955.61593348144
CFG_OZ,JohnsHopkins,Part‑time,0.3,1,1,Base,2,0.0,0.0,0.391,0.7606585934898373,54304.442918277535,-14924.57113028955,-181312.2611296936,-145403.82254536747,0.0,-109955.61593348144
CFG_PA,JohnsHopkins,Part‑time,0.3,1,1,Base,3,0.0,0.0,0.391,0.7606585934898373,54304.442918277535,-14924.57113028955,-181312.2611296936,-145403.82254536747,0.0,-109955.61593348144
CFG_PB,JohnsHopkins,Part‑time,0.3,1,1,Stress,1,0.0,0.0,0.41600000000000004,0.6674471450853436,54304.442918277535,-17921.365134356918,-181312.2611296936,-145403.82254536747,0.0,-114950.27260692709
CFG_PC,JohnsHopkins,Part‑time,0.3,1,1,Stress,2,0.0,0.0,0.41600000000000004,0.6674471450853436,54304.442918277535,-17921.365134356918,-181312.2611296936,-145403.82254536747,0.0,-114950.27260692709
CFG_PD,JohnsHopkins,Part‑time,0.3,1,1,Stress,3,0.0,0.0,0.41600000000000004,0.6674471450853436,54304.442918277535,-17921.365134356918,-181312.2611296936,-145403.82254536747,0.0,-114950.27260692709
CFG_PE,JohnsHopkins,Part‑time,0.3,2,0,Base,1,1.0,0.0,0.491,0.7572373413965762,-195695.55708172245,-39924.57113028955,-178937.59308033081,-131063.12374159982,0.04,-110422.40240897734
CFG_PF,JohnsHopkins,Part‑time,0.3,2,0,Base,2,1.0,0.0,0.491,0.7572373413965762,-195695.55708172245,-39924.57113028955,-178937.59308033081,-131063.12374159982,0.04,-110422.40240897734
CFG_PG,JohnsHopkins,Part‑time,0.3,2,0,Base,3,1.0,0.0,0.491,0.7572373413965762,-195695.55708172245,-39924.57113028955,-178937.59308033081,-131063.12374159982,0.04,-110422.40240897734
CFG_PH,JohnsHopkins,Part‑time,0.3,2,0,Stress,1,1.0,0.0,0.516,0.6640258929920826,-195695.55708172245,-42921.365134356914,-178937.59308033081,-131521.5712917295,0.08,-115417.05908242299
CFG_PI,JohnsHopkins,Part‑time,0.3,2,0,Stress,2,1.0,0.0,0.516,0.6640258929920826,-195695.55708172245,-42921.365134356914,-178937.59308033081,-131521.5712917295,0.08,-115417.05908242299
CFG_PJ,JohnsHopkins,Part‑time,0.3,2,0,Stress,3,1.0,0.0,0.516,0.6640258929920826,-195695.55708172245,-42921.365134356914,-178937.59308033081,-131521.5712917295,0.08,-115417.05908242299
CFG_PQ,JohnsHopkins,Full‑time,0.0,0,0,Base,1,0.0,0.0,0.36,1.0021553451923837,29925.188359636708,-27760.60823789247,-111789.287499342,-74084.4148312035,0.0,-93831.32786491576
CFG_PR,JohnsHopkins,Full‑time,0.0,0,0,Base,2,0.0,0.0,0.36,1.0021553451923837,29925.188359636708,-27760.60823789247,-111789.287499342,-74084.4148312035,0.0,-93831.32786491576
CFG_PS,JohnsHopkins,Full‑time,0.0,0,0,Base,3,0.0,0.0,0.36,1.0021553451923837,29925.188359636708,-27760.60823789247,-111789.287499342,-74084.4148312035,0.0,-93831.32786491576
CFG_PT,JohnsHopkins,Full‑time,0.0,0,0,Stress,1,0.0,0.0,0.37899999999999995,0.8568576762587028,29925.188359636708,-30746.014775876538,-117196.10258897945,-79775.21490494952,0.0,-99802.14094088392
CFG_PU,JohnsHopkins,Full‑time,0.0,0,0,Stress,2,0.0,0.0,0.37899999999999995,0.8568576762587028,29925.188359636708,-30746.014775876538,-117196.10258897945,-79775.21490494952,0.0,-99802.14094088392
CFG_PV,JohnsHopkins,Full‑time,0.0,0,0,Stress,3,0.0,0.0,0.37899999999999995,0.8568576762587028,29925.188359636708,-30746.014775876538,-117196.10258897945,-79775.21490494952,0.0,-99802.14094088392
CFG_PW,JohnsHopkins,Full‑time,0.0,0,1,Base,1,0.0,0.0,0.36,1.0021553451923837,29925.188359636708,-27760.60823789247,-111789.287499342,-74084.4148312035,0.0,-93831.32786491576
CFG_PX,JohnsHopkins,Full‑time,0.0,0,1,Base,2,0.0,0.0,0.36,1.0021553451923837,29925.188359636708,-27760.60823789247,-111789.287499342,-74084.4148312035,0.0,-93831.32786491576
CFG_PY,JohnsHopkins,Full‑time,0.0,0,1,Base,3,0.0,0.0,0.36,1.0021553451923837,29925.188359636708,-27760.60823789247,-111789.287499342,-74084.4148312035,0.0,-93831.32786491576
CFG_PZ,JohnsHopkins,Full‑time,0.0,0,1,Stress,1,0.0,0.0,0.37899999999999995,0.8568576762587028,29925.188359636708,-30746.014775876538,-117196.10258897945,-79775.21490494952,0.0,-99802.14094088392
CFG_QA,JohnsHopkins,Full‑time,0.0,0,1,Stress,2,0.0,0.0,0.37899999999999995,0.8568576762587028,29925.188359636708,-30746.014775876538,-117196.10258897945,-79775.21490494952,0.0,-99802.14094088392
CFG_QB,JohnsHopkins,Full‑time,0.0,0,1,Stress,3,0.0,0.0,0.37899999999999995,0.8568576762587028,29925.188359636708,-30746.014775876538,-117196.10258897945,-79775.21490494952,0.0,-99802.14094088392
CFG_QC,JohnsHopkins,Full‑time,0.0,1,0,Base,1,0.0,0.0,0.244,16.566236709603857,54925.188359636704,-2760.6082378924752,-156737.6350498718,-116815.98552595075,0.0,-85556.34059814514
CFG_QD,JohnsHopkins,Full‑time,0.0,1,0,Base,2,0.0,0.0,0.244,16.566236709603857,54925.188359636704,-2760.6082378924752,-156737.6350498718,-116815.98552595075,0.0,-85556.34059814514
CFG_QE,JohnsHopkins,Full‑time,0.0,1,0,Base,3,0.0,0.0,0.244,16.566236709603857,54925.188359636704,-2760.6082378924752,-156737.6350498718,-116815.98552595075,0.0,-85556.34059814514
CFG_QF,JohnsHopkins,Full‑time,0.0,1,0,Stress,1,0.0,0.0,0.26599999999999996,7.273880967389805,54925.188359636704,-5746.014775876542,-156737.6350498718,-116815.98552595075,0.0,-90532.01816145195
CFG_QG,JohnsHopkins,Full‑time,0.0,1,0,Stress,2,0.0,0.0,0.26599999999999996,7.273880967389805,54925.188359636704,-5746.014775876542,-156737.6350498718,-116815.98552595075,0.0,-90532.01816145195
CFG_QH,JohnsHopkins,Full‑time,0.0,1,0,Stress,3,0.0,0.0,0.26599999999999996,7.273880967389805,54925.188359636704,-5746.014775876542,-156737.6350498718,-116815.98552595075,0.0,-90532.01816145195
CFG_QI,JohnsHopkins,Full‑time,0.0,1,1,Base,1,0.0,0.0,0.244,16.566236709603857,54925.188359636704,-2760.6082378924752,-156737.6350498718,-116815.98552595075,0.0,-85556.34059814514
CFG_QJ,JohnsHopkins,Full‑time,0.0,1,1,Base,2,0.0,0.0,0.244,16.566236709603857,54925.188359636704,-2760.6082378924752,-156737.6350498718,-116815.98552595075,0.0,-85556.34059814514
CFG_QK,JohnsHopkins,Full‑time,0.0,1,1,Base,3,0.0,0.0,0.244,16.566236709603857,54925.188359636704,-2760.6082378924752,-156737.6350498718,-116815.98552595075,0.0,-85556.34059814514
CFG_QL,JohnsHopkins,Full‑time,0.0,1,1,Stress,1,0.0,0.0,0.26599999999999996,7.273880967389805,54925.188359636704,-5746.014775876542,-156737.6350498718,-116815.98552595075,0.0,-90532.01816145195
CFG_QM,JohnsHopkins,Full‑time,0.0,1,1,Stress,2,0.0,0.0,0.26599999999999996,7.273880967389805,54925.188359636704,-5746.014775876542,-156737.6350498718,-116815.98552595075,0.0,-90532.01816145195
CFG_QN,JohnsHopkins,Full‑time,0.0,1,1,Stress,3,0.0,0.0,0.26599999999999996,7.273880967389805,54925.188359636704,-5746.014775876542,-156737.6350498718,-116815.98552595075,0.0,-90532.01816145195
CFG_QO,JohnsHopkins,Full‑time,0.0,2,0,Base,1,1.0,0.0,0.344,16.565830293674374,-195074.81164036327,-27760.60823789247,-178079.27642755045,-123190.05854184963,0.0,-89871.90849415702
CFG_QP,JohnsHopkins,Full‑time,0.0,2,0,Base,2,1.0,0.0,0.344,16.565830293674374,-195074.81164036327,-27760.60823789247,-178079.27642755045,-123190.05854184963,0.0,-89871.90849415702
CFG_QQ,JohnsHopkins,Full‑time,0.0,2,0,Base,3,1.0,0.0,0.344,16.565830293674374,-195074.81164036327,-27760.60823789247,-178079.27642755045,-123190.05854184963,0.0,-89871.90849415702
CFG_QR,JohnsHopkins,Full‑time,0.0,2,0,Stress,1,1.0,0.0,0.366,7.273474551460323,-195074.81164036327,-30746.014775876538,-178079.27642755045,-123190.05854184963,0.0,-94847.58605746382
CFG_QS,JohnsHopkins,Full‑time,0.0,2,0,Stress,2,1.0,0.0,0.366,7.273474551460323,-195074.81164036327,-30746.014775876538,-178079.27642755045,-123190.05854184963,0.0,-94847.58605746382
CFG_QT,JohnsHopkins,Full‑time,0.0,2,0,Stress,3,1.0,0.0,0.366,7.273474551460323,-195074.81164036327,-30746.014775876538,-178079.27642755045,-123190.05854184963,0.0,-94847.58605746382
CFG_RA,JohnsHopkins,Full‑time,0.1,0,0,Base,1,0.0,0.0,0.28700000000000003,2.4196125464807676,41441.170048975255,-15633.191084481496,-101196.19546404856,-61075.46803759466,0.0,-81526.07926243034
CFG_RB,JohnsHopkins,Full‑time,0.1,0,0,Base,2,0.0,0.0,0.28700000000000003,2.4196125464807676,41441.170048975255,-15633.191084481496,-101196.19546404856,-61075.46803759466,0.0,-81526.07926243034
CFG_RC,JohnsHopkins,Full‑time,0.1,0,0,Base,3,0.0,0.0,0.28700000000000003,2.4196125464807676,41441.170048975255,-15633.191084481496,-101196.19546404856,-61075.46803759466,0.0,-81526.07926243034
CFG_RD,JohnsHopkins,Full‑time,0.1,0,0,Stress,1,0.0,0.0,0.314,1.5530178645601744,41441.170048975255,-18650.960812002006,-106678.98392596257,-66888.36980092023,0.0,-87561.61871747136
CFG_RE,JohnsHopkins,Full‑time,0.1,0,0,Stress,2,0.0,0.0,0.314,1.5530178645601744,41441.170048975255,-18650.960812002006,-106678.98392596257,-66888.36980092023,0.0,-87561.61871747136
CFG_RF,JohnsHopkins,Full‑time,0.1,0,0,Stress,3,0.0,0.0,0.314,1.5530178645601744,41441.170048975255,-18650.960812002006,-106678.98392596257,-66888.36980092023,0.0,-87561.61871747136
CFG_RG,JohnsHopkins,Full‑time,0.1,0,1,Base,1,0.0,0.0,0.28700000000000003,2.4196125464807676,41441.170048975255,-15633.191084481496,-101196.19546404856,-61075.46803759466,0.0,-81526.07926243034
CFG_RH,JohnsHopkins,Full‑time,0.1,0,1,Base,2,0.0,0.0,0.28700000000000003,2.4196125464807676,41441.170048975255,-15633.191084481496,-101196.19546404856,-61075.46803759466,0.0,-81526.07926243034
CFG_RI,JohnsHopkins,Full‑time,0.1,0,1,Base,3,0.0,0.0,0.28700000000000003,2.4196125464807676,41441.170048975255,-15633.191084481496,-101196.19546404856,-61075.46803759466,0.0,-81526.07926243034
CFG_RJ,JohnsHopkins,Full‑time,0.1,0,1,Stress,1,0.0,0.0,0.314,1.5530178645601744,41441.170048975255,-18650.960812002006,-106678.98392596257,-66888.36980092023,0.0,-87561.61871747136
CFG_RK,JohnsHopkins,Full‑time,0.1,0,1,Stress,2,0.0,0.0,0.314,1.5530178645601744,41441.170048975255,-18650.960812002006,-106678.98392596257,-66888.36980092023,0.0,-87561.61871747136
CFG_RL,JohnsHopkins,Full‑time,0.1,0,1,Stress,3,0.0,0.0,0.314,1.5530178645601744,41441.170048975255,-18650.960812002006,-106678.98392596257,-66888.36980092023,0.0,-87561.61871747136
CFG_RM,JohnsHopkins,Full‑time,0.1,1,0,Base,1,0.0,0.0,0.177,1.6641978803377224,66441.17004897525,9366.8089155185,-144062.26159545206,-102089.60918711835,0.0,-73271.70700550989
CFG_RN,JohnsHopkins,Full‑time,0.1,1,0,Base,2,0.0,0.0,0.177,1.6641978803377224,66441.17004897525,9366.8089155185,-144062.26159545206,-102089.60918711835,0.0,-73271.70700550989
CFG_RO,JohnsHopkins,Full‑time,0.1,1,0,Base,3,0.0,0.0,0.177,1.6641978803377224,66441.17004897525,9366.8089155185,-144062.26159545206,-102089.60918711835,0.0,-73271.70700550989
CFG_RP,JohnsHopkins,Full‑time,0.1,1,0,Stress,1,0.0,0.0,0.2,2.8816547625345605,66441.17004897525,6349.039187997996,-144062.26159545206,-102089.60918711835,0.0,-78301.32321804407
CFG_RQ,JohnsHopkins,Full‑time,0.1,1,0,Stress,2,0.0,0.0,0.2,2.8816547625345605,66441.17004897525,6349.039187997996,-144062.26159545206,-102089.60918711835,0.0,-78301.32321804407
CFG_RR,JohnsHopkins,Full‑time,0.1,1,0,Stress,3,0.0,0.0,0.2,2.8816547625345605,66441.17004897525,6349.039187997996,-144062.26159545206,-102089.60918711835,0.0,-78301.32321804407
CFG_RS,JohnsHopkins,Full‑time,0.1,1,1,Base,1,0.0,0.0,0.177,1.6641978803377224,66441.17004897525,9366.8089155185,-144062.26159545206,-102089.60918711835,0.0,-73271.70700550989
CFG_RT,JohnsHopkins,Full‑time,0.1,1,1,Base,2,0.0,0.0,0.177,1.6641978803377224,66441.17004897525,9366.8089155185,-144062.26159545206,-102089.60918711835,0.0,-73271.70700550989
CFG_RU,JohnsHopkins,Full‑time,0.1,1,1,Base,3,0.0,0.0,0.177,1.6641978803377224,66441.17004897525,9366.8089155185,-144062.26159545206,-102089.60918711835,0.0,-73271.70700550989
CFG_RV,JohnsHopkins,Full‑time,0.1,1,1,Stress,1,0.0,0.0,0.2,2.8816547625345605,66441.17004897525,6349.039187997996,-144062.26159545206,-102089.60918711835,0.0,-78301.32321804407
CFG_RW,JohnsHopkins,Full‑time,0.1,1,1,Stress,2,0.0,0.0,0.2,2.8816547625345605,66441.17004897525,6349.039187997996,-144062.26159545206,-102089.60918711835,0.0,-78301.32321804407
CFG_RX,JohnsHopkins,Full‑time,0.1,1,1,Stress,3,0.0,0.0,0.2,2.8816547625345605,66441.17004897525,6349.039187997996,-144062.26159545206,-102089.60918711835,0.0,-78301.32321804407
CFG_RY,JohnsHopkins,Full‑time,0.1,2,0,Base,1,1.0,0.0,0.277,1.6712133324935607,-183558.82995102476,-15633.191084481496,-165835.81153780408,-108338.7839078549,0.0,-77698.20437719607
CFG_RZ,JohnsHopkins,Full‑time,0.1,2,0,Base,2,1.0,0.0,0.277,1.6712133324935607,-183558.82995102476,-15633.191084481496,-165835.81153780408,-108338.7839078549,0.0,-77698.20437719607
CFG_SA,JohnsHopkins,Full‑time,0.1,2,0,Base,3,1.0,0.0,0.277,1.6712133324935607,-183558.82995102476,-15633.191084481496,-165835.81153780408,-108338.7839078549,0.0,-77698.20437719607
CFG_SB,JohnsHopkins,Full‑time,0.1,2,0,Stress,1,1.0,0.0,0.3,2.888670214690399,-183558.82995102476,-18650.960812002006,-165835.81153780408,-108338.7839078549,0.0,-82727.82058973025
CFG_SC,JohnsHopkins,Full‑time,0.1,2,0,Stress,2,1.0,0.0,0.3,2.888670214690399,-183558.82995102476,-18650.960812002006,-165835.81153780408,-108338.7839078549,0.0,-82727.82058973025
CFG_SD,JohnsHopkins,Full‑time,0.1,2,0,Stress,3,1.0,0.0,0.3,2.888670214690399,-183558.82995102476,-18650.960812002006,-165835.81153780408,-108338.7839078549,0.0,-82727.82058973025
CFG_SK,JohnsHopkins,Full‑time,0.2,0,0,Base,1,0.0,0.0,0.221,73.83717855206736,52707.015753953536,-3552.510754004569,-90102.25671342942,-48179.563929499986,0.0,-69264.27710894097
CFG_SL,JohnsHopkins,Full‑time,0.2,0,0,Base,2,0.0,0.0,0.221,73.83717855206736,52707.015753953536,-3552.510754004569,-90102.25671342942,-48179.563929499986,0.0,-69264.27710894097
CFG_SM,JohnsHopkins,Full‑time,0.2,0,0,Base,3,0.0,0.0,0.221,73.83717855206736,52707.015753953536,-3552.510754004569,-90102.25671342942,-48179.563929499986,0.0,-69264.27710894097
CFG_SN,JohnsHopkins,Full‑time,0.2,0,0,Stress,1,0.0,0.0,0.248,21.68555126841554,52707.015753953536,-6559.133894581483,-96044.46904318612,-54016.3038871037,0.0,-75277.5233900948
CFG_SO,JohnsHopkins,Full‑time,0.2,0,0,Stress,2,0.0,0.0,0.248,21.68555126841554,52707.015753953536,-6559.133894581483,-96044.46904318612,-54016.3038871037,0.0,-75277.5233900948
CFG_SP,JohnsHopkins,Full‑time,0.2,0,0,Stress,3,0.0,0.0,0.248,21.68555126841554,52707.015753953536,-6559.133894581483,-96044.46904318612,-54016.3038871037,0.0,-75277.5233900948
CFG_SQ,JohnsHopkins,Full‑time,0.2,0,1,Base,1,0.0,0.0,0.221,73.83717855206736,52707.015753953536,-3552.510754004569,-90102.25671342942,-48179.563929499986,0.0,-69264.27710894097
CFG_SR,JohnsHopkins,Full‑time,0.2,0,1,Base,2,0.0,0.0,0.221,73.83717855206736,52707.015753953536,-3552.510754004569,-90102.25671342942,-48179.563929499986,0.0,-69264.27710894097
CFG_SS,JohnsHopkins,Full‑time,0.2,0,1,Base,3,0.0,0.0,0.221,73.83717855206736,52707.015753953536,-3552.510754004569,-90102.25671342942,-48179.563929499986,0.0,-69264.27710894097
CFG_ST,JohnsHopkins,Full‑time,0.2,0,1,Stress,1,0.0,0.0,0.248,21.68555126841554,52707.015753953536,-6559.133894581483,-96044.46904318612,-54016.3038871037,0.0,-75277.5233900948
CFG_SU,JohnsHopkins,Full‑time,0.2,0,1,Stress,2,0.0,0.0,0.248,21.68555126841554,52707.015753953536,-6559.133894581483,-96044.46904318612,-54016.3038871037,0.0,-75277.5233900948
CFG_SV,JohnsHopkins,Full‑time,0.2,0,1,Stress,3,0.0,0.0,0.248,21.68555126841554,52707.015753953536,-6559.133894581483,-96044.46904318612,-54016.3038871037,0.0,-75277.5233900948
CFG_SW,JohnsHopkins,Full‑time,0.2,1,0,Base,1,0.0,0.0,0.127,0.8852924231666455,77707.01575395353,21447.489245995428,-131381.4213894943,-87363.23284828597,0.0,-61023.278787038
CFG_SX,JohnsHopkins,Full‑time,0.2,1,0,Base,2,0.0,0.0,0.127,0.8852924231666455,77707.01575395353,21447.489245995428,-131381.4213894943,-87363.23284828597,0.0,-61023.278787038
CFG_SY,JohnsHopkins,Full‑time,0.2,1,0,Base,3,0.0,0.0,0.127,0.8852924231666455,77707.01575395353,21447.489245995428,-131381.4213894943,-87363.23284828597,0.0,-61023.278787038
CFG_SZ,JohnsHopkins,Full‑time,0.2,1,0,Stress,1,0.0,0.0,0.14300000000000002,1.070582142844725,77707.01575395353,18440.866105418514,-131423.2565435426,-87634.60045405476,0.0,-66034.3173546662
CFG_TA,JohnsHopkins,Full‑time,0.2,1,0,Stress,2,0.0,0.0,0.14300000000000002,1.070582142844725,77707.01575395353,18440.866105418514,-131423.2565435426,-87634.60045405476,0.0,-66034.3173546662
CFG_TB,JohnsHopkins,Full‑time,0.2,1,0,Stress,3,0.0,0.0,0.14300000000000002,1.070582142844725,77707.01575395353,18440.866105418514,-131423.2565435426,-87634.60045405476,0.0,-66034.3173546662
CFG_TC,JohnsHopkins,Full‑time,0.2,1,1,Base,1,0.0,0.0,0.127,0.8852924231666455,77707.01575395353,21447.489245995428,-131381.4213894943,-87363.23284828597,0.0,-61023.278787038
CFG_TD,JohnsHopkins,Full‑time,0.2,1,1,Base,2,0.0,0.0,0.127,0.8852924231666455,77707.01575395353,21447.489245995428,-131381.4213894943,-87363.23284828597,0.0,-61023.278787038
CFG_TE,JohnsHopkins,Full‑time,0.2,1,1,Base,3,0.0,0.0,0.127,0.8852924231666455,77707.01575395353,21447.489245995428,-131381.4213894943,-87363.23284828597,0.0,-61023.278787038
CFG_TF,JohnsHopkins,Full‑time,0.2,1,1,Stress,1,0.0,0.0,0.14300000000000002,1.070582142844725,77707.01575395353,18440.866105418514,-131423.2565435426,-87634.60045405476,0.0,-66034.3173546662
CFG_TG,JohnsHopkins,Full‑time,0.2,1,1,Stress,2,0.0,0.0,0.14300000000000002,1.070582142844725,77707.01575395353,18440.866105418514,-131423.2565435426,-87634.60045405476,0.0,-66034.3173546662
CFG_TH,JohnsHopkins,Full‑time,0.2,1,1,Stress,3,0.0,0.0,0.14300000000000002,1.070582142844725,77707.01575395353,18440.866105418514,-131423.2565435426,-87634.60045405476,0.0,-66034.3173546662
CFG_TI,JohnsHopkins,Full‑time,0.2,2,0,Base,1,1.0,0.0,0.227,0.9009921804402653,-172292.98424604646,-3552.5107540045683,-153592.34664805772,-93627.3333030835,0.0,-65602.3949651252
CFG_TJ,JohnsHopkins,Full‑time,0.2,2,0,Base,2,1.0,0.0,0.227,0.9009921804402653,-172292.98424604646,-3552.5107540045683,-153592.34664805772,-93627.3333030835,0.0,-65602.3949651252
CFG_TK,JohnsHopkins,Full‑time,0.2,2,0,Base,3,1.0,0.0,0.227,0.9009921804402653,-172292.98424604646,-3552.5107540045683,-153592.34664805772,-93627.3333030835,0.0,-65602.3949651252
CFG_TL,JohnsHopkins,Full‑time,0.2,2,0,Stress,1,1.0,0.0,0.24299999999999997,1.0862819001183452,-172292.98424604646,-6559.133894581484,-153592.34664805772,-93627.3333030835,0.0,-70613.43353275339
CFG_TM,JohnsHopkins,Full‑time,0.2,2,0,Stress,2,1.0,0.0,0.24299999999999997,1.0862819001183452,-172292.98424604646,-6559.133894581484,-153592.34664805772,-93627.3333030835,0.0,-70613.43353275339
CFG_TN,JohnsHopkins,Full‑time,0.2,2,0,Stress,3,1.0,0.0,0.24299999999999997,1.0862819001183452,-172292.98424604646,-6559.133894581484,-153592.34664805772,-93627.3333030835,0.0,-70613.43353275339
CFG_TU,JohnsHopkins,Full‑time,0.3,0,0,Base,1,0.0,0.0,0.167,1.3708727633482538,63680.78249089732,8498.961679668917,-78350.42800790703,-35352.2641930245,0.0,-57002.47495545158
CFG_TV,JohnsHopkins,Full‑time,0.3,0,0,Base,2,0.0,0.0,0.167,1.3708727633482538,63680.78249089732,8498.961679668917,-78350.42800790703,-35352.2641930245,0.0,-57002.47495545158
CFG_TW,JohnsHopkins,Full‑time,0.3,0,0,Base,3,0.0,0.0,0.167,1.3708727633482538,63680.78249089732,8498.961679668917,-78350.42800790703,-35352.2641930245,0.0,-57002.47495545158
CFG_TX,JohnsHopkins,Full‑time,0.3,0,0,Stress,1,0.0,0.0,0.18600000000000003,1.938884525929557,63680.78249089732,5492.338539092001,-84716.17064312873,-40984.1801343775,0.0,-63015.72123660543
CFG_TY,JohnsHopkins,Full‑time,0.3,0,0,Stress,2,0.0,0.0,0.18600000000000003,1.938884525929557,63680.78249089732,5492.338539092001,-84716.17064312873,-40984.1801343775,0.0,-63015.72123660543
CFG_TZ,JohnsHopkins,Full‑time,0.3,0,0,Stress,3,0.0,0.0,0.18600000000000003,1.938884525929557,63680.78249089732,5492.338539092001,-84716.17064312873,-40984.1801343775,0.0,-63015.72123660543
CFG_UA,JohnsHopkins,Full‑time,0.3,0,1,Base,1,0.0,0.0,0.167,1.3708727633482538,63680.78249089732,8498.961679668917,-78350.42800790703,-35352.2641930245,0.0,-57002.47495545158
CFG_UB,JohnsHopkins,Full‑time,0.3,0,1,Base,2,0.0,0.0,0.167,1.3708727633482538,63680.78249089732,8498.961679668917,-78350.42800790703,-35352.2641930245,0.0,-57002.47495545158
CFG_UC,JohnsHopkins,Full‑time,0.3,0,1,Base,3,0.0,0.0,0.167,1.3708727633482538,63680.78249089732,8498.961679668917,-78350.42800790703,-35352.2641930245,0.0,-57002.47495545158
CFG_UD,JohnsHopkins,Full‑time,0.3,0,1,Stress,1,0.0,0.0,0.18600000000000003,1.938884525929557,63680.78249089732,5492.338539092001,-84716.17064312873,-40984.1801343775,0.0,-63015.72123660543
CFG_UE,JohnsHopkins,Full‑time,0.3,0,1,Stress,2,0.0,0.0,0.18600000000000003,1.938884525929557,63680.78249089732,5492.338539092001,-84716.17064312873,-40984.1801343775,0.0,-63015.72123660543
CFG_UF,JohnsHopkins,Full‑time,0.3,0,1,Stress,3,0.0,0.0,0.18600000000000003,1.938884525929557,63680.78249089732,5492.338539092001,-84716.17064312873,-40984.1801343775,0.0,-63015.72123660543
CFG_UG,JohnsHopkins,Full‑time,0.3,1,0,Base,1,0.0,0.0,0.088,0.6415636417414241,88680.78249089733,33498.96167966892,-118700.5811835365,-72636.85650945357,0.0,-48774.85056856612
CFG_UH,JohnsHopkins,Full‑time,0.3,1,0,Base,2,0.0,0.0,0.088,0.6415636417414241,88680.78249089733,33498.96167966892,-118700.5811835365,-72636.85650945357,0.0,-48774.85056856612
CFG_UI,JohnsHopkins,Full‑time,0.3,1,0,Base,3,0.0,0.0,0.088,0.6415636417414241,88680.78249089733,33498.96167966892,-118700.5811835365,-72636.85650945357,0.0,-48774.85056856612
CFG_UJ,JohnsHopkins,Full‑time,0.3,1,0,Stress,1,0.0,0.0,0.099,0.7187914736777276,88680.78249089733,30492.338539092005,-118764.59358206375,-72997.1286403775,0.0,-53785.88913619431
CFG_UK,JohnsHopkins,Full‑time,0.3,1,0,Stress,2,0.0,0.0,0.099,0.7187914736777276,88680.78249089733,30492.338539092005,-118764.59358206375,-72997.1286403775,0.0,-53785.88913619431
CFG_UL,JohnsHopkins,Full‑time,0.3,1,0,Stress,3,0.0,0.0,0.099,0.7187914736777276,88680.78249089733,30492.338539092005,-118764.59358206375,-72997.1286403775,0.0,-53785.88913619431
CFG_UM,JohnsHopkins,Full‑time,0.3,1,1,Base,1,0.0,0.0,0.088,0.6415636417414241,88680.78249089733,33498.96167966892,-118700.5811835365,-72636.85650945357,0.0,-48774.85056856612
CFG_UN,JohnsHopkins,Full‑time,0.3,1,1,Base,2,0.0,0.0,0.088,0.6415636417414241,88680.78249089733,33498.96167966892,-118700.5811835365,-72636.85650945357,0.0,-48774.85056856612
CFG_UO,JohnsHopkins,Full‑time,0.3,1,1,Base,3,0.0,0.0,0.088,0.6415636417414241,88680.78249089733,33498.96167966892,-118700.5811835365,-72636.85650945357,0.0,-48774.85056856612
CFG_UP,JohnsHopkins,Full‑time,0.3,1,1,Stress,1,0.0,0.0,0.099,0.7187914736777276,88680.78249089733,30492.338539092005,-118764.59358206375,-72997.1286403775,0.0,-53785.88913619431
CFG_UQ,JohnsHopkins,Full‑time,0.3,1,1,Stress,2,0.0,0.0,0.099,0.7187914736777276,88680.78249089733,30492.338539092005,-118764.59358206375,-72997.1286403775,0.0,-53785.88913619431
CFG_UR,JohnsHopkins,Full‑time,0.3,1,1,Stress,3,0.0,0.0,0.099,0.7187914736777276,88680.78249089733,30492.338539092005,-118764.59358206375,-72997.1286403775,0.0,-53785.88913619431
CFG_US,JohnsHopkins,Full‑time,0.3,2,0,Base,1,1.0,0.0,0.188,0.6681758113765387,-161319.21750910266,8498.961679668919,-141348.88175831136,-79043.15442260106,0.0,-53555.2653810601
CFG_UT,JohnsHopkins,Full‑time,0.3,2,0,Base,2,1.0,0.0,0.188,0.6681758113765387,-161319.21750910266,8498.961679668919,-141348.88175831136,-79043.15442260106,0.0,-53555.2653810601
CFG_UU,JohnsHopkins,Full‑time,0.3,2,0,Base,3,1.0,0.0,0.188,0.6681758113765387,-161319.21750910266,8498.961679668919,-141348.88175831136,-79043.15442260106,0.0,-53555.2653810601
CFG_UV,JohnsHopkins,Full‑time,0.3,2,0,Stress,1,1.0,0.0,0.199,0.7454036433128423,-161319.21750910266,5492.338539092004,-141348.88175831136,-79043.15442260106,0.0,-58566.303948688284
CFG_UW,JohnsHopkins,Full‑time,0.3,2,0,Stress,2,1.0,0.0,0.199,0.7454036433128423,-161319.21750910266,5492.338539092004,-141348.88175831136,-79043.15442260106,0.0,-58566.303948688284
CFG_UX,JohnsHopkins,Full‑time,0.3,2,0,Stress,3,1.0,0.0,0.199,0.7454036433128423,-161319.21750910266,5492.338539092004,-141348.88175831136,-79043.15442260106,0.0,-58566.303948688284
