timestamp,total_nodes,total_edges,avg_wealth,events_triggered
2025-07-17T12:42:40.264677,10,0,669330.62,0
2025-08-16T12:42:40.264677,20,90,714796.69,0
2025-09-15T12:42:40.264677,30,180,772711.38,0
2025-10-15T12:42:40.264677,40,262,827375.50,0
2025-11-14T12:42:40.264677,50,343,892616.50,0
2025-12-14T12:42:40.264677,60,424,956676.56,0
2026-01-13T12:42:40.264677,70,506,1011473.50,0
2026-02-12T12:42:40.264677,80,588,1081320.38,0
2026-03-14T12:42:40.264677,90,669,1167096.75,0
2026-04-13T12:42:40.264677,100,751,1255734.50,0
2026-05-13T12:42:40.264677,110,833,1341232.88,0
2026-06-12T12:42:40.264677,120,914,1438768.62,0
2026-07-17T12:42:40.264677,130,994,1558561.25,0
2026-08-16T12:42:40.264677,140,1076,1668094.62,0
2026-09-15T12:42:40.264677,150,1158,1789913.62,0
2026-10-15T12:42:40.264677,160,1240,1915210.00,0
2026-11-14T12:42:40.264677,170,1322,2055218.62,0
2026-12-14T12:42:40.264677,180,1403,2210436.75,0
2027-01-13T12:42:40.264677,190,1485,2384435.25,0
2027-02-12T12:42:40.264677,200,1566,2585641.75,0
2027-03-14T12:42:40.264677,210,1648,2787645.75,0
2027-04-13T12:42:40.264677,220,1730,2981651.75,0
2027-05-13T12:42:40.264677,220,1730,2981651.75,0
2027-06-12T12:42:40.264677,220,1730,2981651.75,0
2027-07-17T12:42:40.264677,220,1730,2981651.75,0
2027-08-16T12:42:40.264677,220,1730,2981651.75,0
2027-09-15T12:42:40.264677,220,1730,2981651.75,0
2027-10-15T12:42:40.264677,220,1730,2981651.75,0
2027-11-14T12:42:40.264677,220,1730,2981651.75,0
2027-12-14T12:42:40.264677,220,1730,2981651.75,0
2028-01-13T12:42:40.264677,220,1730,2981651.75,0
2028-02-12T12:42:40.264677,220,1730,2981651.75,0
2028-03-13T12:42:40.264677,220,1730,2981651.75,0
2028-04-12T12:42:40.264677,220,1730,2981651.75,0
2028-05-12T12:42:40.264677,220,1730,2981651.75,0
2028-06-11T12:42:40.264677,220,1730,2981651.75,0
2028-07-16T12:42:40.264677,220,1730,2981651.75,0
2028-08-15T12:42:40.264677,220,1730,2981651.75,0
2028-09-14T12:42:40.264677,220,1730,2981651.75,0
2028-10-14T12:42:40.264677,220,1730,2981651.75,0
2028-11-13T12:42:40.264677,220,1730,2981651.75,0
2028-12-13T12:42:40.264677,220,1730,2981651.75,0
2029-01-12T12:42:40.264677,220,1730,2981651.75,0
2029-02-11T12:42:40.264677,220,1730,2981651.75,0
2029-03-13T12:42:40.264677,220,1730,2981651.75,0
2029-04-12T12:42:40.264677,220,1730,2981651.75,0
2029-05-12T12:42:40.264677,220,1730,2981651.75,0
2029-06-11T12:42:40.264677,220,1730,2981651.75,0
2029-07-16T12:42:40.264677,220,1730,2981651.75,0
2029-08-15T12:42:40.264677,220,1730,2981651.75,0
2029-09-14T12:42:40.264677,220,1730,2981651.75,0
2029-10-14T12:42:40.264677,220,1730,2981651.75,0
2029-11-13T12:42:40.264677,220,1730,2981651.75,0
2029-12-13T12:42:40.264677,220,1730,2981651.75,0
2030-01-12T12:42:40.264677,220,1730,2981651.75,0
2030-02-11T12:42:40.264677,220,1730,2981651.75,0
2030-03-13T12:42:40.264677,220,1730,2981651.75,0
2030-04-12T12:42:40.264677,220,1730,2981651.75,0
2030-05-12T12:42:40.264677,220,1730,2981651.75,0
2030-06-11T12:42:40.264677,220,1730,2981651.75,0
2030-07-16T12:42:40.264677,220,1730,2981651.75,0
2030-08-15T12:42:40.264677,220,1730,2981651.75,0
2030-09-14T12:42:40.264677,220,1730,2981651.75,0
2030-10-14T12:42:40.264677,220,1730,2981651.75,0
2030-11-13T12:42:40.264677,220,1730,2981651.75,0
2030-12-13T12:42:40.264677,220,1730,2981651.75,0
2031-01-12T12:42:40.264677,220,1730,2981651.75,0
2031-02-11T12:42:40.264677,220,1730,2981651.75,0
2031-03-13T12:42:40.264677,220,1730,2981651.75,0
2031-04-12T12:42:40.264677,220,1730,2981651.75,0
2031-05-12T12:42:40.264677,220,1730,2981651.75,0
2031-06-11T12:42:40.264677,220,1730,2981651.75,0
2031-07-16T12:42:40.264677,220,1730,2981651.75,0
2031-08-15T12:42:40.264677,220,1730,2981651.75,0
2031-09-14T12:42:40.264677,220,1730,2981651.75,0
2031-10-14T12:42:40.264677,220,1730,2981651.75,0
2031-11-13T12:42:40.264677,220,1730,2981651.75,0
2031-12-13T12:42:40.264677,220,1730,2981651.75,0
2032-01-12T12:42:40.264677,220,1730,2981651.75,0
2032-02-11T12:42:40.264677,220,1730,2981651.75,0
2032-03-12T12:42:40.264677,220,1730,2981651.75,0
2032-04-11T12:42:40.264677,220,1730,2981651.75,0
2032-05-11T12:42:40.264677,220,1730,2981651.75,0
2032-06-10T12:42:40.264677,220,1730,2981651.75,0
2032-07-15T12:42:40.264677,220,1730,2981651.75,0
2032-08-14T12:42:40.264677,220,1730,2981651.75,0
2032-09-13T12:42:40.264677,220,1730,2981651.75,0
2032-10-13T12:42:40.264677,220,1730,2981651.75,0
2032-11-12T12:42:40.264677,220,1730,2981651.75,0
2032-12-12T12:42:40.264677,220,1730,2981651.75,0
2033-01-11T12:42:40.264677,220,1730,2981651.75,0
2033-02-10T12:42:40.264677,220,1730,2981651.75,0
2033-03-12T12:42:40.264677,220,1730,2981651.75,0
2033-04-11T12:42:40.264677,220,1730,2981651.75,0
2033-05-11T12:42:40.264677,220,1730,2981651.75,0
2033-06-10T12:42:40.264677,220,1730,2981651.75,0
2033-07-15T12:42:40.264677,220,1730,2981651.75,0
2033-08-14T12:42:40.264677,220,1730,2981651.75,0
2033-09-13T12:42:40.264677,220,1730,2981651.75,0
2033-10-13T12:42:40.264677,220,1730,2981651.75,0
2033-11-12T12:42:40.264677,220,1730,2981651.75,0
2033-12-12T12:42:40.264677,220,1730,2981651.75,0
2034-01-11T12:42:40.264677,220,1730,2981651.75,0
2034-02-10T12:42:40.264677,220,1730,2981651.75,0
2034-03-12T12:42:40.264677,220,1730,2981651.75,0
2034-04-11T12:42:40.264677,220,1730,2981651.75,0
2034-05-11T12:42:40.264677,220,1730,2981651.75,0
2034-06-10T12:42:40.264677,220,1730,2981651.75,0
2034-07-15T12:42:40.264677,220,1730,2981651.75,0
2034-08-14T12:42:40.264677,220,1730,2981651.75,0
2034-09-13T12:42:40.264677,220,1730,2981651.75,0
2034-10-13T12:42:40.264677,220,1730,2981651.75,0
2034-11-12T12:42:40.264677,220,1730,2981651.75,0
2034-12-12T12:42:40.264677,220,1730,2981651.75,0
2035-01-11T12:42:40.264677,220,1730,2981651.75,0
2035-02-10T12:42:40.264677,220,1730,2981651.75,0
2035-03-12T12:42:40.264677,220,1730,2981651.75,0
2035-04-11T12:42:40.264677,220,1730,2981651.75,0
2035-05-11T12:42:40.264677,220,1730,2981651.75,0
2035-06-10T12:42:40.264677,220,1730,2981651.75,0
2035-07-15T12:42:40.264677,220,1730,2981651.75,0
2035-08-14T12:42:40.264677,220,1730,2981651.75,0
2035-09-13T12:42:40.264677,220,1730,2981651.75,0
2035-10-13T12:42:40.264677,220,1730,2981651.75,0
2035-11-12T12:42:40.264677,220,1730,2981651.75,0
2035-12-12T12:42:40.264677,220,1730,2981651.75,0
2036-01-11T12:42:40.264677,220,1730,2981651.75,0
2036-02-10T12:42:40.264677,220,1730,2981651.75,0
2036-03-11T12:42:40.264677,220,1730,2981651.75,0
2036-04-10T12:42:40.264677,220,1730,2981651.75,0
2036-05-10T12:42:40.264677,220,1730,2981651.75,0
2036-06-09T12:42:40.264677,220,1730,2981651.75,0
